name,code,requisites
IELE 3430,TALLER DE COMUNICACIONES,"[MBIO 1100, IELE 1002, IELE 1200, IELE 3400, DERE 1300, LENG 2999]"
MBIO 2102,BIOLOGIA MOLECULAR-TEO,"[QUIM 1103, QUIM 1104]"
ANTR 3171,SEMINARIO ETNOGRAFIA,[LENG 2999]
ECON 4113,MICRO AVANZ TEORIA DE JUEGOS,"[MATE 240, ECON 204, ECON 208, ECON 218]"
ECON 4603,TESIS PEG,[ECON 4600]
IELE 3152,REDES INTELIGENTES,"[MATE 1207, IELE 1500, IELE 1002, IELE 1200, DERE 1300, IELE 2100, MATE 2230, LENG 2999]"
ICYA 3107,PRERREQUISITO PROYECTO IAMB,"[FISI 1028, ICYA 1113, BIOL 1327, MATE 1207, MBIO 1100, ISIS 1204, LENG 1501, GEOC 1002, DERE 1300, ICYA 1110, ICYA 1101A, LENG 2999]"
ARTE 3118,FOTO DOCUMENTAL,[ARTE 1105]
ARTE 3995,PRACTICA DE GRADO PROYECTOS,[ARTE 3994]
MEDI 1200,ANATOMIA,"[MBIO 1100, QUIM 1301, QUIM 1302]"
ANTR 3191,METODOLOGIA DE PRACTICA,[LENG 2999]
MEDI 3409,TURNOS CLINICOS I,"[MEDI 2109, MEDI 2307, MEDI 2308, MEDI 2309, MEDI 2310, MEDI 2110, MEDI 3403]"
IELE 2206,FUNDAMENTOS DE ELECTRÓNICA,"[IELE 1006, IELE 1204]"
IIND 3402,VALORACION DE EMPRESAS,"[FISI 1029, MATE 130, LENG 1501, ISIS 121, LENG 000, DERE 1300, FISI 1030, IIND 313]"
IQUI 3320L,LAB.INTR..TECN.LENGUAJ.PERFUM.,[IQUI 3320]
QUIM 4950,TESIS II,[QUIM 4900]
EDUC 6023,COLOQUIO DE INVESTIGACIÓN VIII,[EDUC 6010]
HIST 4802,TUTORIAL DE INV. 3- MHIST,[HIST 4801]
CPOL 6979,EX AREA MENOR-POL COLOMBIANA,"[CPOL 4103, CPOL 4101, CPOL 6510]"
ICYA 4504,TALLER DE DISEÑO CIMENTACIONES,[( (ICYA 1113]
MIIA 4200,MINERIA DE DATOS,[MIIA 4100]
IIND 6003,TUTORIAL 2,[IIND 6002]
MATE 6980,PRETESIS 1,[MATE 6904]
ARQU 1552,HERRAMIENTAS DIGITALES,[ARQU 1111]
MBIO 3603,MICROBIOLOGIA DE ALIMENTOS-LAB,"[MBIO 2301, MBIO 2300, MBIO 2303, MBIO 2302]"
DPUB 4401,TRABAJO DE GRADO,[DPUB 4400]
ISIS 1209,ALG. Y PROG. OBJ. II (HONORES),[ISIS 1204]
DDER 6202,METODOS DE INVESTIGACION 2,[DDER 6201]
MIAD 4980,SEMINARIO I DE TESIS,[MIAD 4107]
MISO 4302,TESIS I,"[EX201, LENG 4999]"
MUSI 2806,TALLER LÍRICO 2,[MUSI 2801]
DADM 6974,ASISTENCIA INVESTIGACION,[MIAD 4970]
MATE 2604,TEORIA DE ANALISIS NUMERICO,"[MATE 126, ISIS 110]"
SPUB 4109,PROYECTO DE GRADO II,[SPUB 4106]
ARTI 4005,INTERCAMBIO INTERNACIONAL,[EX081]
MATE 3157,INT. REPRESENT. GRUPOS FINITOS,[MATE 367]
ISIS 2403,ARQUITECTURA EMPRESARIAL,[ISIS 1404]
EGOB 3004,EVALUACIÓN DE POLÍTICAS PÚBL,[ECON 3301]
IELE 3110,ECONOMIA SISTEMAS DE POTENCIA,"[ESPA 2999, MATE 1207, MBIO 1100, IELE 1002, IELE 1200, DERE 1300, IELE 2100, LENG 2999]"
MATE 1106,ALGEBRA LINEAL 1 (HONORES),[MATE 111B]
IQUI 2021,EQUILIBRIO DE FASES Y QUIMICO,[IQUI 2020]
ANTR 1401,ANTROPOLOGÍA BIOLÓGICA,[ANTR 1101]
ARQU 3252,SUIZA: LAB DE ENCUENTRO N/S,"[ARQU 2103, ARQU 2102, ARQU 2101, LENG 2999]"
FISI 4472,OPTICA CUANTICA,[]
ARTE 3205,ANIMACION,[ARTE 1215]
MEDI 1100,INDUCCION,[]
FILO 2130,NIETZSCHE,[FILO 150B]
CPOL 3003,MONOGRAFIA DE GRADO,[CPOL 357]
ICYA 2203,ANALISIS SIST. ESTRUCTURALES,[ICYA 1117]
PSIC 2312,PSICOLOGIA DEL APRENDIZAJE,[PSIC 1402]
ANTR 3184,TRABAJO DIRIG EN ARQUEOLOGIA,[LENG 2999]
MATE 6984,PRETESIS 4,[MATE 6982]
FISI 6973,PASANTIA II,[FISI 6971]
ECON 3609,SEM. COYUNTURA ECONOMICA,"[MATE 1506, LENG 2999]"
ADMI 3502,ESTRATEGIA,[ADMI 2501]
MEDI 3501,MODULO SELECTIVO I AT. PRIM. 1,"[MEDI 3415, MEDI 3112, MEDI 3410, MEDI 3413, MEDI 3414, MEDI 3411, MEDI 3412]"
FISI 1048,FISICA MODERNA,[FISI 1028]
ARQU 3863,TEORIA UI ARQU DEL PAISAJE,"[ARQU 2103, ARQU 2102, ARQU 2101, LENG 2999]"
ANTR 2102,INSTRUMENTOS DE INVESTIGACION,"[ANTR 1104, ANTR 1101]"
FILO 4810,TUTORÍA DE INVESTIGACIÓN 1,[FILO 4800]
QUIM 1310,QUÍMICA ORGÁNICA I,[QUIM 1110]
QUIM 1303,FUNDAMENTOS QUÍMICA ORGÁNICA,[QUIM 1101]
ARQU 1504,DIBUJO ARQUITECTONICO DIGITAL,[ARQU 1111]
IQUI 3001,PROCESOS DE SEPARACION,"[FISI 1029, IQUI 2021, FISI 1028, IQUI 2102, QUIM 1618, MBIO 1100, LENG 2999]"
FISI 4010,MECANICA CUANTICA AVANZADA 1,[FISI 331]
IIND 2301,DINAMICA DE SISTEMAS,"[MATE 1214, IIND 1000, IIND 2106]"
PSIC 3990,INSCRIPCION A GRADO,[LENG 000]
ARTI 4102,COMUNICACION EFECTIVA,[EXAL1]
BCOM 4990,TESIS 4 CR,[LENG 4999]
IQUI 3090,SEM.PROYECTO GRADO,"[IQUI 2102, IQUI 2300, MBIO 1100, LENG 2999]"
LENG 1302,ALEMAN 2,[LENG 141]
FISI 2405,MECANICA,[FISI 1038]
DADM 6981,SEMINARIO DE TESIS I,[DADM 6972]
LENG 1602,ITALIANO 2,[LENG 190]
LENG 1403,JAPONES 3,[LENG 132]
ARQU 3163,SEM BTA CIUDAD ABIERT COMP.URB,"[ARQU 2103, ARQU 2102, ARQU 2101, LENG 2999]"
DDER 6102,TEORIA JURIDICA 2,[DDER 6101]
IBIO 4790,TESIS II,"[LENG 4999, IBIO 4780]"
MUSI 2801,TALLER LÍRICO 1,"[MUSI 1912, MUSI 2816]"
MEDI 1101,INTRODUC.A LA PROFESION MEDICA,[]
ARQU 1302,TALLER TECNICO 2,[ARQU 1301]
IBIO 2241,LAB PROGRAMACION CIENTIFICA,[]
LENG 3922,PRACTICA 2,[LENG 2891]
ICYA 1117,MECANICA DE MATERIALES,[ICYA 1116]
MUSI 2500,TALLER DE COMPOSICION 1,"[MUSI 1207, MUSI 1209, MUSI 1204]"
QUIM 6982,TESIS 2 (DOCTORADO),[]
DISE 2624,FOTOGRAFÍA 2: PRODUCTOS,[DISE 2521]
IBIO 1011,LAB INTRO ING BIOMÉDICA,[]
ECON 2204,MEDICION Y CONTABILIDAD,[ECON 1001B]
CPOL 2501,TALLER METODOLOGIA,"[MATE 1502, CPOL 314]"
FISI 6985,TESIS V,[FISI 6984]
PSIC 3884,INVESTIGACION DEL DESARROLLO,[LENG 2999]
ICYA 4704,HIDRAULICA DE TUBERIAS,"[ICYA 2402, ICYA 1113, ICYA 2401, GEOC 1002, ( ( (QUIM 1101, IIND 2106, IIND 2401, FISI 1029, FISI 1028, LENG 1501, DERE 1300, ICYA 2001, LENG 2999]"
ANTR 3194,MONOGRAFIA DE GRADO,"[ANTR 3193, LENG 2999]"
FISI 4012,SEMINARIO 2 DE FISICA TEORICA,[FISI 4101]
IBIO 4680,VISION POR COMPUTADOR,[IBIO 3470]
ISIS 1404L,LAB TI EN LAS ORGANIZACIONES,[ISIS 1204]
CONT 1211,LIDERAZGO Y ÉTICA,[ADMI 1602]
IMEC 1410L,LABORAT.DE CIENCIA MATERIALES,[]
MATE 2510,PROBABILIDAD (HONOR),[MATE 114]
IIND 2109C,REFUERZO SIST. APOYO DECISION,[]
ICYA 4102,MOD. PROCESOS Y SIST. AMBIENTA,"[FISI 1029, (FISI 1028, (GEOC 1002]"
MEDI 3529,MODULO SELECTIVO II SALUD P. 3,"[MEDI 3417, MEDI 3418, MEDI 3416, MEDI 3419, MEDI 3420, MEDI 3113, MEDI 3422, MEDI 3434, MEDI 3500]"
ICYA 3202,DISEÑO ESTRUCTURAL,"[ICYA 1125, ICYA 1113, ICYA 2203, ICYA 1117, MATE 1207, QUIM 1101, GEOC 1002, FISI 1029, FISI 1028, ISIS 1204, LENG 1501, DERE 1300, LENG 2999, ICYA 1122]"
MBIO 3919,TRABAJO DE GRADO,[MBIO 3918]
PSIC 2318,MOTIVACIÓN,[PSIC 1402]
IIND 4213,DISEÑO DE EXPERIM. INGE.,[( (MATE 130]
LENG 1743,CHINO 3,[LENG 1742]
DISE 2359,COMUNICACIÓN 4,[DISE 2351]
ARQU 1420,TALLER CIUDAD 2,[ARQU 1410]
CPOL 3995,PRACTICA DOCENTE,[CPOL 3500]
MATE 4220,MEDIDA E INTEGRACION,[MATE 341]
ADMI 1203,PLANEACION FINANCIERA,[ADMI 1202]
IIND 4101,OPTIMIZACION AVANZADA,[( (MATE 130]
IMEC 1000C,COMPL.INTRODUCCION IMEC,[]
IMEC 1410,CIENCIA DE MATERIALES,"[IMEC 1000, QUIM 1103]"
MBIO 2103,BIOLOGIA MOLECULAR-LAB,"[QUIM 1103, QUIM 1104]"
FISI 6971,PASANTIA,[FISI 6972]
GEOC 1022,GEOLOGIA,[GEOC 1002]
DISE 2618,DISEÑO EDITORIAL,[DISE 2509]
ARQU 4303,PROYECTO DE GRADO,[ARQU 4203]
ECON 2202,MACROECONOMIA 3,"[ECON 2301, ECON 2201, MATE 2711]"
FILO 3214,GRIEGO V,[LITE 2403]
IIND 3113,SIMULAC. EVENTOS DISCRETOS,"[FISI 1029, MATE 130, LENG 1501, ISIS 121, LENG 000, DERE 1300, IIND 222, FISI 1030, IIND 2103]"
IIND 6990,SUSTENTACION DE TESIS,[IIND 6970]
ISIS 4514,SEMANTIC WEB,[EXAL1]
CIDE 4132,ESTUDIOS DIRIGIDOS 1,[CIDE 4129]
ISIS 3425,SISTEMAS EMPRESARIALES,"[ESPA 2999, ISIS 2102, MATE 1207, MATE 1108, FISI 1021, FISI 1020, ISIS 1105, ISIS 2403, ISIS 1304, ISIS 1206, LENG 2999]"
MBIT 4101,HABILIDADES GERENCIALES EN TI,[EXAL1]
ARQU 2410,PAISAJE URBANO,[ARQU 1420]
MATE 2711,METODOS MATEM. PARA ECONO.,[MATE 124]
MBIO 3604,MICROBIOLOGIA AMBIENTAL-TEO,[]
LENG 1329,DEUTSCHE GRAMMATIK,[LENG 1303]
FISI 4708,MAGNETISMO Y MATERIALES MAG.,"[FISI 2432, FISI 3010]"
PSCL 4109,REVISTA DE CASOS CLÍNICOS I,[PSCL 4104]
ARTE 2109,FUNDAMENTOS DE ESCULTURA,[ARTE 1101]
MEDI 3526,MODULO SELECTIVO II AT. PRI. 3,"[MEDI 3417, MEDI 3418, MEDI 3416, MEDI 3419, MEDI 3420, MEDI 3113, MEDI 3422, MEDI 3434, MEDI 3500]"
FISI 6983,TESIS III,[FISI 6982]
IQUI 2020,TERMODINAMICA,[MATE 1202]
ARQU 1202,TALLER DE HISTORIA 2,[ARQU 1201]
MEDI 3403,BITACORA SEMIOLOGIA II,[]
ARQU 2103,PROYECTO LUGAR,"[ARQU 1121, DISE 1000]"
ARTE 2101,FUNDAMENTOS DE PINTURA,[ARTE 1101]
DISE 3129,ESTUDIO 7: TALLER INNOVACIÓN,"[DISE 1000, DISE 3123, DISE 2102, LENG 2999]"
ECON 2301,ECONOMETRIA 1,[MATE 1506]
IELE 2402,COMUNICACIONES,"[IELE 2500, IELE 2002, IIND 2106]"
MEDI 3533,INTERNADO SELECTIVO INVESTI. 1,"[MEDI 3429, MEDI 3426, MEDI 3525, MEDI 3427, MEDI 3515, MEDI 3520, MEDI 3430, MEDI 3424, MEDI 3435, MEDI 3425, MEDI 3114, MEDI 3423, LENG 3999]"
MEDI 3547,AIEPI,[MEDI 3113]
MSIN 4303,TESIS II,"[MSIN 4302, LENG 4999]"
MEDI 3407,PEDIATRIA,"[MEDI 2109, MEDI 2307, MEDI 2308, MEDI 2309, MEDI 2310, MEDI 2110, MEDI 3403]"
PSIC 1204,PRINCIPIOS DE NEUROCIENCIAS 1,[BIOL 1312]
FISI 4042,TOPICOS EN MECANICA ESTADISTIC,"[FISI 330, FISI 340]"
ICYA 2101,TERMOQUIMICA AMBIENTAL,"[FISI 1009, MATE 1203, ICYA 1110]"
MUSI 2612,FUNDAMENTOS DE AUDIO Y ACÚSTIC,[MATE 1201]
MUSI 3614,MASTERIZACIÓN,[]
PSCL 4105,PRÁCTICA CLÍNICA SUPERVISADA I,[PSCL 4104]
IBIO 3702,PROYECTO INVESTIGAC.INGENIERIA,"[FISI 1029, FISI 1028, MATE 1207, MBIO 1100, ISIS 1204, LENG 1501, QUIM 1301, DERE 1300, MEDI 1211, LENG 2999, IELE 1010]"
ECON 6302,ECONOMETRÍA 2 DOC,[ECON 6301]
ICYA 4292,PROYECTO GRADO GERENCIA,"[ICYA 4215, LENG 4999]"
CBIO 6915,PASANTIA DOCTORADO 2,[CBIO 6914]
MEDI 3517,MODULO SELECTIVO II HOS. CL. 1,"[MEDI 3417, MEDI 3418, MEDI 3416, MEDI 3419, MEDI 3420, MEDI 3113, MEDI 3422, MEDI 3434, MEDI 3500]"
MEDI 3420,BITACORA CLINICA III,"[MEDI 3415, MEDI 3112, MEDI 3410, MEDI 3413, MEDI 3414, MEDI 3411, MEDI 3412]"
HIST 3993,PRACTICA DE GRADO,[HIST 290]
EDUC 6990,SUSTENTACIÓN DE TESIS DOCTORAL,[EDUC 6014]
ECON 2201,MACROECONOMIA 2,"[MATE 1506, ECON 2203]"
ICYA 4303,SEMIN.PROYECTOS DE INFRAESTRUC,[( (ICYA 1113]
ANTR 4137,LECTURAS DIRIGIDAS 1,[ANTR 4135]
EGOB 1105,MÉTODOS CUALI PARA ASUNTOS PUB,[LENG 1501]
ICYA 4808,GESTION DE SISTEMAS DE TRAFICO,[( (ICYA 1113]
ANTR 3185,TRABAJO DIRIG EN ANTR.SOCIAL,[LENG 2999]
MUSI 3401,CONJUNTO 7,[MUSI 3400]
ARQU 2320,SISTEMAS DE HABITABILIDAD,[ARQU 1302]
MUSI 3511,INSTRUMENTACIÓN DIGITAL,[MUSI 2501]
MEDI 1103,ETICA MEDICA Y PROFESIONALI. I,[MEDI 1102]
ECON 4657,POBREZA Y DESARROLLO ECON,"[ECON 203, ECON 218]"
MSIN 4301,PROYECTO FINAL,"[LENG 4999, EXPF1]"
ADMI 3604,TALLER DE INNOVACION,[ADMI 3110]
FISI 3801,SEMINARIO DE BIOFISICA,[FISI 330]
CPOL 6977,EX AREA MENOR-TEORIA POLITICA,"[CPOL 4103, CPOL 4101, CPOL 6510]"
MUSI 1204,ARMONIA 3,[MUSI 1203]
PSIC 2313,PSICOLOGÍA DE LA EMOCIÓN,[PSIC 1402]
LITE 2407,LATIN III,[LITE 2405]
MECU 4203,TUTORIA DE INVESTIGACION II,[MECU 4202]
QUIM 1511,LABORATORIO DE FISICOQUIMICA I,[]
DERE 3905,EXAMEN DE FACULTAD,"[DERE 132, DERE 2208, DERE 133, DERE 251, DERE 131, DERE 2207, DERE 250, DERE 2403, DERE 2502, DERE 117, DERE 137, DERE 2103, DERE 245, DERE 143, DERE 241, DERE 142, DERE 263, DERE 3601, DERE 127, DERE 105, DERE 103, DERE 246, DERE 126, DERE 104, DERE 3302, DERE 3303, DERE 3204, DERE 2211, DERE 3201, DERE 3202]"
ISIS 1304,FUND INFRAESTRUCTURA TECNOLÓGI,[ISIS 1205]
MBIT 4301,PROYECTO FINAL,"[LENG 4999, EXPF1]"
CBIO 6985,TESIS DOCTORADO 6,[CBIO 6984]
FISI 3011,SEMINARIO DE FISICA TEORICA,[]
IELE 2100,ELEMENT.SISTEMAS ELECTRICOS,[FISI 1028]
MDER 4203,COLOQUIO DE INVESTIGACION,"[MDER 4201, MDER 4202]"
ARQU 3850,ANALISIS UI TECTONICA Y ESTRUC,"[ARQU 2202, ARQU 2103, ARQU 2101, LENG 2999]"
ISIS 1205L,LAB ALGORITMICA Y PROG. OBJ II,[ISIS 1204]
FISI 3000,PRACTICA DOCENTE FISICA,"[FISI 2405, FISI 1048]"
MATE 6975,SUSTENTACIÓN DE PROYECTO,[]
CBIO 6982,TESIS DOCTORADO 3,[CBIO 6981]
MFIN 4216,GESTION DE RIESGOS,[MADM 4006]
MUSI 3620,TRABAJO DE GRADO - 15,"[MUSI 3606, MUSI 2208, MUSI 3616, MUSI 2212, MUSI 2205, MUSI 1611, MUSI 2203]"
IQUI 2300,INGENIERIA DE REACCIONES,"[IQUI 2010, IQUI 2021]"
IIND 3202,GERENCIA DE PRODUCCION,"[FISI 1029, MATE 130, LENG 1501, ISIS 121, LENG 000, DERE 1300, IIND 223, FISI 1030, IIND 214]"
FISI 1012,FISICA BASICA 1,[]
IELE 4002,SEMINARIO MAGÍSTER 2,[IELE 4001]
MUSI 1417,INSTRUMENTO 3 - 15,[MUSI 1416]
FISI 4802,SEMINARIO 2 DE BIOFISICA,[FISI 4101]
IIND 3218,FUNDAMENTOS DE LA CALIDAD,"[FISI 1029, MATE 130, IIND 2201, LENG 1501, ISIS 121, LENG 000, DERE 1300, IIND 222, FISI 1030]"
MBIO 3518,GENOMICA Y BIOINFORMATICA-LAB,"[MBIO 2103, MBIO 2102, LENG 2999]"
IBIO 6963,PROYECTO DIRIGIDO 3,[IBIO 6962]
LENG 1603,ITALIANO 3,[LENG 191]
IQUI 2102C,COMPL. FENOMENOS TRANSPORTE 2,[]
IMEC 1503,DISEÑO GRAFICO EN INGENIERÍA,[]
MUSI 2416,INSTRUMENTO 6 - 15,[MUSI 2415]
PSIC 3883,PSICOLOGIA SOCIAL DEL DEPORTE,[LENG 2999]
IIND 3311,ESTRATEGIA ORGANIZACIONAL,"[FISI 1029, MATE 130, LENG 1501, ISIS 121, LENG 000, DERE 1300, IIND 2302, FISI 1030]"
IQUI 3091,PROYECTO DE GRADO,"[IQUI 3001, IQUI 3039, IQUI 3090, IQUI 2090, IMEC 3600, IIND 2401, LENG 2999]"
IMEC 3520,APLIC DISEÑO MEC EN INDUSTRIA,[IMEC 2700]
ANTR 4225,TRABAJO DE GRADO,[ANTR 4224]
FISI 2028,MÉTODOS COMPUTACIONALES,"[FISI 2026, MATE 2301]"
MATE 1506,PROB.Y ESTADISTICA 2,"[MATE 156, MATE 124]"
ANTR 3188,TRABAJ DIRIG EN ZOOARQUEOLOGIA,[LENG 2999]
BCOM 4104,ESTADISTICA BIOLOGIA COMPUTAC.,[BCOM 4002]
LENG 3239,L’HUMOUR DANS LA LANGUE FRANCA,"[LENG 2212, LENG 2226]"
EGOB 4201,EVALUACION DE POLITICAS PUBL.,[EGOB 4104]
MATE 2411,GEOMETRIA DE CURVAS Y SUPERFIC,[MATE 114]
CPOL 6980,TRABAJO GRUPO DE INVEST. DOCT.,[CPOL 4103]
FISI 6202,INVESTIGACION 2,[FISI 6201]
ARTE 2120,ESCULTURA Y CUERPO,[ARTE 1101]
LENG 1202,FRANCÉS 2,[LENG 171]
ICYA 4214,TESIS 2 MICIV,"[LENG 4999, ICYA 4213]"
MUSI 2613,TECNOLOGÍA DEL AUDIO 1,[MUSI 2612]
MEDI 3540,INTERNADO SELECTIVO ADMI. 3,"[MEDI 3429, MEDI 3426, MEDI 3525, MEDI 3427, MEDI 3515, MEDI 3520, MEDI 3430, MEDI 3424, MEDI 3435, MEDI 3425, MEDI 3114, MEDI 3423, LENG 3999]"
ECON 3635,TEOR.FINANZAS PARA ECONOMISTAS,"[ECON 2202, ECON 2102]"
QUIM 2519,LAB DE FUNDAMENT FISICOQUIM,[]
CIDE 4114,SEMINARIO TUTORIAL,[CIDE 4100]
LITE 2405,LATÍN II,[LITE 104]
IELE 6990,SUSTENTACION DE TESIS,[IELE 6970]
PSIC 3833,PSICOLOGIA COMUNITARIA,[LENG 000]
EDUC 6014,INVESTIGACIÓN DOCTORAL II,[EDUC 6013]
ECON 6986,INVESTIGACION TESIS DOCTORAL 7,[ECON 6985]
ECON 1303,TALLER DE MATLAB,"[MATE 1506, ECON 2201]"
IMEC 2320,TRANSFERENC.CALOR,"[IMEC 2210, MATE 2301, LENG 000]"
IIND 3001,PROYECTO DE GRADO 2,"[IIND 331, IIND 2201, ISIS 121, IIND 223, IIND 2104, IIND 3006, IIND 2301, FISI 1029, MATE 130, IIND 2107, LENG 1501, LENG 000, DERE 1300, FISI 1030]"
LENG 2412,JAPONES 6,[LENG 2411]
GEOC 3101,YACIMIENTOS MINERALES,[GEOC 3028]
ADMI 3210,MERCADOS DERIVADOS,[ADMI 2204]
MUSI 2811,CANTO 5,[MUSI 2810]
MUSI 3302,DIRECCION CORAL 5,"[MUSI 2206, MUSI 3301, MUSI 2202, MUSI 2213]"
QUIM 1510,FISICOQUIMICA I,[QUIM 1101]
IBIO 2650,BIOMATERIALES,"[QUIM 1301, MEDI 1211]"
DISE 3151,E7: INDUSTRIAS CULTURALES,"[DISE 1000, DISE 3123, DISE 2102, LENG 2999]"
LENG 1105,INGLÉS 5,[LENG 1104]
ARTE 2203,VIDEO EXPERIMENTAL,"[ARTE 1213, ARTE 1215]"
CBIO 4121,INMUNOLOGIA AVANZADA,"[MBIO 2305, MBIO 2304, MBIO 2501, MBIO 2500, BIOL 2201, BIOL 2200, MBIO 2307, MBIO 2306]"
FISI 3771,INTRODUC.A SUPERCONDUCTIVIDAD,[FISI 3010]
ICYA 4106,BIODIVERSIDAD COLOMBIANA,"[FISI 1029, (FISI 1028, (GEOC 1002]"
BIOL 3325,BIOLOGIA DE CONSERVACION-LABOR,"[BIOL 2308, BIOL 2309, BIOL 2201, BIOL 2200, LENG 2999]"
MATE 1214,CALCULO INTEGRAL-ECUAC.DIFEREN,[MATE 111B]
DISE 3125,ESTUDIO 6: PROD INDUSTRIAL,"[DISE 1000, DISE 2102]"
FISI 6975,PASANTIA IV,[FISI 6974]
ARQU 3991,PRACTICA INSTITUC.TIEMPO COMP,"[ARQU 2103, ARQU 2102, ARQU 2101, LENG 2999]"
MATE 2104,CRISTALOGRAFIA MATEMATICA,[MATE 115]
MEDI 3114,ETICA MEDICA Y PROFESIONA. II,"[MEDI 3417, MEDI 3418, MEDI 3416, MEDI 3419, MEDI 3420, MEDI 3113, MEDI 3422, MEDI 3434, MEDI 3500]"
MEDI 3434,TURNOS CLINICOS III,"[MEDI 3415, MEDI 3112, MEDI 3410, MEDI 3413, MEDI 3414, MEDI 3411, MEDI 3412]"
ISIS 2203L,LAB INFRAESTRUCTURA COMPUTACIO,[ISIS 1304]
CPOL 6523,LECTURAS DIRIGIDAS,"[CPOL 4525, CPOL 4522, CPOL 4521]"
MTRI 4202,TEMAS AVANZ TRIB INTERNACIONAL,[MTRI 4201]
ECON 6980,INVESTIGACION TESIS DOCTORAL 1,[ECON 6973]
FISI 4014,SEM2.QFT/FISICA-MATEMATICA,[FISI 4101]
IQUI 2101L,TALLER FENOMENOS TRANSPORTE 1,[]
ECON 4213,MACROECONOMIA AVANZADA LP,"[ECON 204, MATE 2710, ECON 208, ECON 218]"
EDUC 4027,MÉTODOS CUALIITATIVOS DE INVES,[EDUC 4025]
ECON 4568,MICROECONOMIA III,"[ECON 203, MATE 124]"
ICYA 4450,DISEÑO Y COMP. ESTRUC. CONC.,[( (ICYA 1113]
LITE 3402,SEMINARIO DE LATIN IV,"[LITE 220, LITE 1402, LITE 1400]"
MATE 4424,TOPOLOGIA ALGEBRAICA 2,"[MATE 344, MATE 444]"
ICYA 4404,TECNOL. AVANZADAS DEL CONCRETO,[( (ICYA 1113]
DISE 1107,ESTUDIO 2,[DISE 1106]
ECON 3714,ECONOMIA BANCARIA,"[ECON 2101, ECON 2301, ECON 2203]"
IQUI 2101,FENOMENOS DE TRANSPORTE 1,[MATE 1207]
PSIC 4106,DISEÑO PROY INV II COLOQI,[PSIC 4100]
FISI 6112,SEMINARIO AVANZADO 2,[FISI 6111]
IBIO 3870,PROYECTO DE DISEÑO 2,"[IBIO 2650, MATE 1207, QUIM 1301, IIND 2106, IIND 2401, FISI 1029, FISI 1028, MBIO 1100, ISIS 1204, LENG 1501, DERE 1300, IBIO 2250, IBIO 2780, LENG 2999]"
IQUI 3031,DISEÑO PLANTAS DE PROCESO,"[IQUI 3010, IQUI 3001, IQUI 2300, IIND 2401]"
MSIN 4302,TESIS I,"[EX201, LENG 4999]"
CBIO 4331,BUCEO CIENTIFICO AVANZADO,"[BIOL 3341, BIOL 3340]"
MUSI 2201,PIANO COMPLEMENTARIO 5,[MUSI 2200]
MEDI 3422,PROYECTO DE GRADO I,"[MEDI 3415, MEDI 3112, MEDI 3410, MEDI 3413, MEDI 3414, MEDI 3411, MEDI 3412]"
IQUI 3032,TALLER DISEÑO PLANTAS,[]
MUSI 1404,CONJUNTO 1,[MUSI 1406]
BIOL 3302,FISIOLOGIA VEGETAL-TEO,"[BIOL 2304, BIOL 2305, LENG 2999]"
IMEC 4701,TESIS 1,[IMEC 4700]
MATE 2211,CALCULO VARIABLE COMPLEJA,[MATE 114]
PSIC 4108,DISEÑO PR INVE IV COLOQ III,[PSIC 4107]
IQUI 1001,INTROD.INGENIERIA QUIMICA,[]
MEDI 3544,INTERNADO SELECTIVO SALUD P.3,"[MEDI 3429, MEDI 3426, MEDI 3525, MEDI 3427, MEDI 3515, MEDI 3520, MEDI 3430, MEDI 3424, MEDI 3435, MEDI 3425, MEDI 3114, MEDI 3423, LENG 3999]"
QUIM 4221,NANOCIENCIAS PARA QUÍMICOS,"[QUIM 1310, QUIM 1212]"
PSCL 4108,PRÁCTICA CLÍNICA SUPERV. IV,"[PSIC 4607, PSIC 4611]"
FISI 2432,ELECTROMAGNETISMO 1,[MATE 2301]
PSIC 3707,INVESTIGACION DIRIGIDA 1,[LENG 2999]
MECA 4402,EVALUACIÓN DE IMPACTO,[ECON 3301]
IIND 3221,LOGÍSTICA,"[FISI 1029, MATE 130, LENG 1501, ISIS 121, LENG 000, DERE 1300, FISI 1030, IIND 214]"
EGOB 2101,MÉTOD CUANTI PARA ASUNT PUB I,[MATE 2507]
LITE 2101,TEORIA LITERARIA 3,[LITE 1100]
ARTE 2111,PINTURA Y CUERPO,[ARTE 1117]
LENG 1303,ALEMAN 3,[LENG 142]
EGOB 4115,PROYECTO DE GRADO II,[EGOB 4112]
ISIS 2603,DESARROLLO DE SW EN EQUIPO,[ISIS 1206]
DERE 3835,CJ-PRISIONES Y CÁRCELES,[]
MEDI 3436,INTERNADO OBLIGATORIO ANESTES.,"[MEDI 3429, MEDI 3426, MEDI 3525, MEDI 3427, MEDI 3515, MEDI 3520, MEDI 3430, MEDI 3424, MEDI 3435, MEDI 3425, MEDI 3114, MEDI 3423, LENG 3999]"
ECON 2106,TEORIA DEL CONSUMIDOR Y FIRMA,[MATE 1203]
MBIO 3605,MICROBIOLOGIA AMBIENTAL-LAB,[]
MATE 3120,LOGICA 1,[MATE 367]
MATE 1107,ALGEBRA LINEAL 2,[MATE 118]
MUSI 2700,ANALISIS MUSICAL 1,"[MUSI 1208, MUSI 1206, MUSI 1203]"
MDER 4302,TUTORIA II,[MDER 4301]
LITE 2408,GRIEGO III,[LITE 2406]
PSIC 3866,LOGOTERAPIA Y SENTIDO DE VIDA,[LENG 2999]
BIOL 1327C,COMPL ECOLOGIA: PRINC Y APLICA,[]
LITE 3904,SEMINARIO-TRABAJO DE GRADO,"[LITE 2101, LITE 3100, LITE 2100, LITE 2400]"
MBIO 3913,"TRABAJO GRADO, MONOGR, PRAC.GR",[MBIO 3912]
ARTE 2206,ARTE SCRIPTUM,"[ARTE 1213, ARTE 1215]"
CPOL 6978,EX AREA MENOR-POL COMPARADA,"[CPOL 4103, CPOL 4101, CPOL 6510]"
ECON 3740,SEM E.SECTORES Y DLLOPRODUCT.,"[ECON 2202, ECON 2102]"
ECON 3301,ECONOMETRIA 2,"[MATE 1209, ECON 2301]"
IQUI 2200,DISEÑO EXPERIM. ING QUIMIC,[IIND 2100]
ARTE 3100,DIBUJO EXPERIMENTAL,[ARTE 2100]
IMEC 1541,MECANICA DE SOLIDOS RIGIDOS,"[MATE 1205, IMEC 1000, (IMEC 1503]"
ICYA 4449,DISE - BASICO DE ACERO,[( (ICYA 1113]
ISIS 3301,INTELIGENCIA DE NEGOCIOS,"[ESPA 2999, ISIS 2102, MATE 1207, MATE 1108, FISI 1021, ISIS 2501, FISI 1020, ISIS 2403, ISIS 1105, ISIS 1304, DERE 1300, LENG 2999]"
CPOL 3600,OPCION GRADO MATERIAS MAESTRIA,[CPOL 2501]
MDER 4202,RETOS AL DERECHO,[MDER 4201]
MUSI 2606,AUDICION CRITICA,"[MUSI 1205, MUSI 1202]"
CBIO 6990,SUSTENTACION DE TESIS,[CBIO 6971]
PSIC 3812,PRÁCTICA 2 06,"[PSIC 3811, LENG 2999]"
MEDI 3528,MODULO SELECTIVO II INVESTI. 3,"[MEDI 3417, MEDI 3418, MEDI 3416, MEDI 3419, MEDI 3420, MEDI 3113, MEDI 3422, MEDI 3434, MEDI 3500]"
MATE 4140,TEORIA DE MODELOS 1,"[MATE 361, MATE 342, MATE 368]"
MUSI 2514,COMPOSICIÓN PARA LA IMAGEN I,[MUSI 2501]
CPOL 6973,EX AREA MAYOR-TEORIA POLITICA,"[CPOL 4103, CPOL 4101, CPOL 6510]"
IELE 4021,TESIS II,"[LENG 4999, IELE 4020]"
LITE 3993,PRÁCTICA DE GRADO,"[LITE 2101, LITE 3100, LITE 2100, LITE 2400]"
IQUI 4302,TESIS II,[IQUI 4301]
MBIT 4304,PROYECTO DE EMPRENDIMIENTO,"[MBIT 4201, LENG 4999, EXPF1]"
LENG 1745,CHINO 5,[LENG 1744]
MUSI 3704,PROYECTO DE GRADO,"[MUSI 3703, MUSI 3701]"
DERE 3909,INVESTIGACION DIRIGIDA,[DERE 3906]
DISE 2122,ESTUDIO 5: DIRECCIÓN CREATIVA,"[DISE 2101, DISE 1000]"
DISE 2309,PRODUCTO 4,[DISE 2301]
ARQU 2430,TEORIAS URBANAS,[ARQU 1420]
LENG 1106,INGLÉS 6,[LENG 1105]
MUSI 2503,INSTRUMENTACION 2,[MUSI 2502]
CONT 2413,CONTABILIDAD EN UN ENTORNO INT,[CONT 1412]
LENG 2316,WISSENSCHAFTLICHES SCHREIBEN,[LENG 2311]
IELE 2010,MATERIALES PARA IEE,"[FISI 1029, FISI 1028, MATE 1214]"
MEDI 2312,SISTEMA OSTEOMUSCULAR,"[MEDI 2109, MEDI 2307, MEDI 2308, MEDI 2309, MEDI 2310, MEDI 2110, MEDI 3403]"
MISO 4204,FABRICAS SW Y LIN PRODUCTOS,[EXAL1]
BIOL 1301,BIOLOGIA DE ORGANISMOS-LAB,[]
DISE 3131,ESTUDIO 7: SOSTENIBILIDAD,"[DISE 1000, DISE 3123, DISE 2102, LENG 2999]"
MEDI 3548,DESCIF. LA ENF: INVEST. BIOMED,"[MBIO 2102, MBIO 2100]"
CPOL 4103,TRABAJO DE GRADO,[CPOL 4522]
ANTR 2103,ESCUELAS ANTROPOLOGICAS I,"[ANTR 1101, CISO 1200B]"
ICYA 4502,TALL. HERRAM. EXPERIM. GEOTECN,[( (ICYA 1113]
ARQU 2202,ARQUITECTURA CLASICA,[ARQU 1202]
MATE 1508,ESTADISTICA (CONTADURIA),[MATE 1251]
PSIC 2708,DISEÑO Y ANÁLISIS DE INV. 3,[PSIC 2706]
QUIM 6981,TESIS 1 (DOCTORADO),[QUIM 4100]
BIOL 2200,GENETICA-TEO,"[MBIO 2103, MBIO 2102]"
QUIM 3013,LABORATORIO DE Q. AVANZADA,"[QUIM 1213, QUIM 2313]"
FISI 6201,INVESTIGACION 1,[FISI 6970]
IBIO 2261,LABORATORIO MODELADO Y SIMULAC,[]
ECON 3732,MICROECONOMETRIA FINANCIERA,"[ECON 2301, ECON 3301]"
ARTE 2129,GRABADO EN RELIEVE,[ARTE 1116]
LENG 1742,CHINO 2,[LENG 1741]
DISE 3144,E6: DISEÑO PARA EXPOSICIONES,"[DISE 1000, DISE 2102]"
FISI 3098,MONOGRAFIA,"[FISI 3701, LENG 3999]"
CIDE 4110,SUSTENTACIÓN,[CIDE 4107]
ISIS 2007,DISEÑO PROD. E INNOVACIÓN TI,[ISIS 2603]
MFIN 4201,ANÁLISIS DE INVERSIONES,"[AFIN 5006, AFIN 5003, AFIN 5002, AFIN 5001]"
MLIT 4905,TUTORIAL DE PROFUNDIZACIÓN 2,[MLIT 4904]
MEDI 2108,SEMI. I Y AT. PRI. A LA COMU.,"[ESPA 2999, MEDI 1216, MEDI 1106, MEDI 1215, MEDI 1105, MBIO 2103, MBIO 2102, MBIO 2101, MBIO 2100, FISI 1023, MEDI 1210, FISI 1022, MEDI 1212, MEDI 1211, MEDI 1214, LENG 2999]"
DERE 2207,ARGUMENTACION EN PROCESOS CIVI,[DERE 1901]
IELE 1400,FUNDAMENTOS DE REDES,[ISIS 1204]
IIND 3309,RELACIONES INDUSTRIALES,"[FISI 1029, MATE 130, LENG 1501, ISIS 121, LENG 000, DERE 1300, FISI 1030, IIND 2301]"
ISIS 1104L,LAB MATEMÁTICA ESTRUCT Y LOGIC,[ISIS 1204]
IQUI 3039,INTRO. MODEL. Y SIMUL. ING.,"[FISI 1029, FISI 1028, IQUI 2102, IQUI 2300, QUIM 1618, MBIO 1100, ISIS 1204, LENG 2999]"
IQUI 3010,OPERACIONES UNITARIAS,"[FISI 1029, FISI 1028, IQUI 2102, QUIM 1618, MBIO 1100, LENG 2999]"
MEDI 3519,MODULO SELECTIVO II SALUD P. 1,"[MEDI 3417, MEDI 3418, MEDI 3416, MEDI 3419, MEDI 3420, MEDI 3113, MEDI 3422, MEDI 3434, MEDI 3500]"
IIND 3000,PROYECTO DE GRADO 1,"[FISI 1029, MATE 130, ISIS 125, LENG 1501, LENG 000, DERE 1300, FISI 1030]"
MUSI 3607,PRODUCCION MUSICAL 2,[MUSI 3606]
PSIC 3882,EMOCIONES MORALES,[LENG 2999]
ARQU 3249,SEM ARQU LATINOAMERICANA,"[ARQU 2103, ARQU 2102, ARQU 2101, LENG 2999]"
MUSI 2602,SONIDO EN VIVO 1,[MUSI 3601]
ICYA 4716,MODEL. FLUJO Y CONT. ACUI.,[( ( (ICYA 1113]
MUSI 3603,AUDIO DIGITAL,[MUSI 3606]
ECON 3401,COMERCIO INTERNACIONAL,"[ECON 2102, LENG 2999]"
FISI 6962,CURSO DIRIGIDO II,[FISI 6961]
IIND 2109,SISTEMAS APOYO A LA DECISION,[ISIS 1204]
LENG 2707,VOCES Y PAISAJES DE LUSOFONÍA,[LENG 1703]
MUSI 1600,TECLADO 1,[MUS070.0]
ICYA 4532,SEMINARIO GEOSI,[( (ICYA 1113]
EDUC 5300,SEMINARIO DE INVES. - ACCIÓN,[EDUC 4017]
ISIS 4004,TUTORIAL ESPECIAL,[EX081]
FISI 2026,HERRAMIENTAS COMPUTACIONALES,[ISIS 1204]
LENG 1744,CHINO 4,[LENG 1743]
MUSI 3618,TALLER DE MEZCLA,"[MUSI 2613, MUSI 1206, MUSI 1203, MUSI 3601]"
FISI 2040,TERMODINAMICA,[FISI 136]
MATE 1502,ESTADISTICA 2 (C. SOCIALES),[MATE 149]
CIDE 4134,ESTUDIOS DIRIGIDOS 2,[CIDE 4132]
CPOL 3300,SEM POLITICA COLOMBIANA,[CPOL 315]
ECON 6983,INVESTIGACION TESIS DOCTORAL 4,[ECON 6982]
FILO 6990,TUTORÍA DE INVESTIGACIÓN 4 DOC,"[FILO 6000, FILO 6980, FILO 6970, FILO 6981, FILO 6982, FILO 6961, FILO 6983]"
ECON 6105,MICRO AVANZ TEORIA JUEGOS DOC,[ECON 6104]
ISIS 3009,TALLER DE INNOVACION CON TIC 2,[ISIS 3008]
IMEC 1541L,LABORATORIO MEC SOL RIGIDOS,[]
FILO 6982,TUTORÍA DE INVESTIGACIÓN 2 DOC,"[FILO 6000, FILO 6980, FILO 6970, FILO 6981, FILO 6961]"
MATE 3426,GRUPOS DE LIE,"[MATE 367, MATE 3410]"
IIND 3208,DES. AVANZADO DE NUEVOS PROD.,"[FISI 1029, MATE 130, LENG 1501, ISIS 121, LENG 000, DERE 1300, FISI 1030, IIND 214]"
QUIM 1301,QUIMICA ORGANICA,[QUIM 1101]
QUIM 3014,PROYECTO DE GRADO,"[QUIM 3214, QUIM 3514, QUIM 3315, QUIM 3516]"
ADMI 3238,MERCADEO VERDE,[ADMI 2301]
ARTI 4301,PROYECTO FINAL,"[LENG 4999, EXPF1]"
LENG 3921,PRACTICA DOCENTE,"[LENG 3000, LENG 2907]"
ISIS 1404,TI EN LAS ORGANIZACIONES,[ISIS 1204]
ANTR 3186,TRABAJO DIRIG EN ENTOLINGUISTI,[LENG 2999]
MBIT 4203,BUSINESS ANALYTICS,[EXAL1]
MUSI 2209,CONTRAPUNTO 2,[MUSI 2208]
ANTR 4138,LECTURAS DIRIGIDAS 2,[ANTR 4137]
EDUC 3000,PRACTICA PEDAGOGICA,"[EDUC 1001B, EDUC 1000A]"
HIST 6983,TUTORIAL DE INV. V- DHIST,[HIST 6982]
FISI 6987,TESIS VII,[FISI 6986]
IBIO 2260,MODELADO Y SIMULACIÓN SIST BIO,"[IBIO 2240, IBIO 2250, MEDI 1211, LENG 2999]"
MEDI 3525,MODULO SELECTIVO II ADMINIS. 3,"[MEDI 3417, MEDI 3418, MEDI 3416, MEDI 3419, MEDI 3420, MEDI 3113, MEDI 3422, MEDI 3434, MEDI 3500]"
IIND 2401,ANALIS.DECISION INVERSION,"[MATE 115, IIND 2400]"
ICYA 4218,TESIS 2 MIAMB,"[ICYA 4217, LENG 4999]"
ICYA 3104,PROYECTO ESPECIAL PREGRADO,"[FISI 1028, (ICYA 1113, MATE 1207, ISIS 1204, LENG 1501, DERE 1300, LENG 2999]"
IMEC 2540L,LAB. DINAMICA SISTEM.MECANICOS,[]
FISI 4051,LABORATORIO AVANZADO,[FISI 259]
BIOL 3321,ENTOMOLOGIA-LAB,"[BIOL 2303, BIOL 2302]"
IQUI 3002,LAB. PROC. SEPARACION,[IQUI 3001]
ISIS 1209L,LAB ALG.Y PROGR. OBJ. II (HON),[ISIS 1204]
EDUC 4207,TESIS 2,"[EDUC 4025, EDUC 4206, EDUC 4017, LENG 4999, REDU1]"
ISIS 3302L,"LAB MODELA, SIMULACION Y OPT","[ESPA 2999, ISIS 2102, MATE 1207, MATE 1108, FISI 1021, FISI 1020, ISIS 1105, ISIS 1304, DERE 1300, ISIS 1206, IIND 2106, LENG 2999]"
MATE 4159,TEO INVARIANTES ALGORITMICA,[MATE 367]
DISE 2112,ESTUDIO 5: PRODUCCIÓN CREATIVA,"[DISE 2101, DISE 1000]"
ECON 4659,TEORIA DE JUEGOS,"[ECON 203, MATE 157]"
ISIS 3990,INSCRIPCION A GRADO,"[ESPA 2999, ISIS 2008, LENG 2999]"
IELE 3001,PROYECTO DE GRADO ELECTRICA,"[IELE 3108, IELE 3400, IIND 2401, IELE 3000]"
DDER 6402,TUTORIA 2,[DDER 6401]
MUSI 2814,TALLER LÍRICO 6,[MUSI 2809]
LENG 1130,WRITING BUSINESS COMMUNICATION,"[LENG 1104, LENG 1105, LENG 2999]"
GEOC 3068,"SENSORES REMOTOS, SIG Y GPS",[GEOC 2430]
IELE 4001,SEMINARIO MAGÍSTER 1,[IELE 4000]
ARQU 2330,SISTEMAS DE CONSTRUCCION Y EST,[ARQU 1302]
FILO 3991,PRACTICA DE TIEMPO COMPLETO,[FILO 3000]
MATE 1105,ALGEBRA LINEAL 1,[MATE 111B]
CPOL 2417,TEORIA CONTEMP POLITICA Y SOC,[CPOL 1400]
FISI 6982,TESIS II,[FISI 6981]
GEOC 1023,LABORATORIO DE GEOLOGIA,[]
MUSI 2212,MORFOLOGIA 1,[MUSI 1204]
CPOL 1003,TALLER DE INDUCCIÓN,[]
EDUC 2001,CURSO TUTORIAL DISCIPLINAR,[EDUC 1000A]
GEOC 3048,SÍSMICA Y SISMOLOGÍA,"[FISI 2007, FISI 1038, GEOC 1022]"
MATE 3512,DINÁMICA ESTOCÁSTICA,"[MATE 382, MATE 286]"
ICYA 3406,MODELACION AMBIENTAL,"[ICYA 1113, MATE 1207, GEOC 1002, FISI 1029, FISI 1028, BIOL 1327, MBIO 1100, ISIS 1204, LENG 1501, DERE 1300, ICYA 1110, ICYA 1101A, LENG 2999]"
BIOL 1313,BIOLOGIA PARA PSICOLOGIA-LAB,[]
MATE 3801,PRACTICA ENSENANZA 1,"[MATE 341, MATE 3420]"
MEDI 3535,INTERNADO SELECTIVO ADMINIST.2,"[MEDI 3429, MEDI 3426, MEDI 3525, MEDI 3427, MEDI 3515, MEDI 3520, MEDI 3430, MEDI 3424, MEDI 3435, MEDI 3425, MEDI 3114, MEDI 3423, LENG 3999]"
MUSI 2417,INSTRUMENTO 7 - 15,[MUSI 2416]
MEDI 2310,SISTEMA URINARIO Y RENAL,"[MEDI 2108, MEDI 2306, MEDI 2304, MEDI 2107, MEDI 2305, MEDI 2000, MEDI 2303, MEDI 2300, MEDI 3400, MEDI 2301]"
MBIT 4302,TESIS 1,"[EX201, LENG 4999]"
IMEC 1330,TERMODINÁMICA,"[MATE 112, IMEC 1000]"
CBIO 4805,PROFUNDIZAC. EN INVESTIGACION,[CBIO 4912]
MUSI 2211,CONTRAPUNTO AVANZADO 2,[MUSI 2210]
MATE 1204,CALCULO DIFERENCIAL (HONORES),[MATE 1201]
EDUC 6010,COLOQUIO DE INVESTIGACION VI,[EDUC 6009]
ICYA 1125,GEOMÁTICA,[MATE 1203]
FISI 3901,SEM.1 ASTRONOMIA Y ASTROFISICA,[FISI 330]
FISI 1029,FISICA EXPERIMENTAL II,[FISI 1019]
FISI 2051,LABORATORIO INTERMEDIO,[]
PSIC 2314,PSICOLOGÍA DEL LENGUAJE,[PSIC 1402]
MUSI 2515,COMPOSICIÓN PARA LA IMAGEN II,[MUSI 2514]
IMEC 1000,INTRODUCC.INGEN.MECANICA,[]
MEDI 3111,SISTEMAS DE SALUD I,"[MEDI 2109, MEDI 2307, MEDI 2308, MEDI 2309, MEDI 2310, MEDI 2110, MEDI 3403]"
FISI 6118,SEMINARIO AVANZADO 8,[FISI 6117]
MEDI 2303,SISTEMA CARDIOVASCULAR,"[ESPA 2999, MEDI 1216, MEDI 1106, MEDI 1215, MEDI 1105, MBIO 2103, MBIO 2102, MBIO 2101, MBIO 2100, FISI 1023, MEDI 1210, FISI 1022, MEDI 1212, MEDI 1211, MEDI 1214, LENG 2999]"
PSIC 3801,ETICA PROFESIONAL,"[PSIC 3800, PSIC 2602, PSIC 3961, LENG 2999, PSIC 3962]"
PSIC 3987,PSICOLOGIA DE LA SALUD,[LENG 2999]
ARQU 3812,PROY. UNIDAD INTERM. VIVIENDA,"[ARQU 2103, ARQU 2102, ARQU 2101, LENG 2999]"
GEOC 2057,MECANICA DEL CONTINUO,"[GEOC 1057, MATE 2301]"
ANTR 4224,TRABAJO CAMPO,[ANTR 4136]
FISI 4098,TRABAJO DE GRADO (1),[FISI 4101]
IIND 2400,SIST. DE CONTROL GERENCIAL,[( (ECON 2106]
MBIO 2300,BACTERIOLOGIA-TEO,"[MBIO 1100, BIOL 1300, BIOL 1301]"
FISI 3152,FISICA DE PARTICULAS,[FISI 3010]
IIND 2107C,REFUERZO PROBA Y ESTD II,[]
CPOL 3993,PRACTICA DE GRADO,[CPOL 3500]
ADMI 1190,SERVICIOS ECOSISTÉMICOS,[ADMI 1101]
IELE 3002,PROYECTO DE GRADO ELECTRONICA,"[IELE 3208, IELE 2009, IELE 3400, IELE 2300, IELE 2100, IIND 2401, IELE 3000]"
FILO 6980,TUTORIAL DE PROYECTO 3,"[FILO 6000, FILO 6970, FILO 6961]"
CIDE 4151,TRABAJO DE GRADO FINAL,[CIDE 4135]
MATE 3905,SEMINARIO PROYECTO DE GRADO 2,[MATE 3904]
BIOL 3320,ENTOMOLOGIA-TEO,"[BIOL 2303, BIOL 2302]"
MATE 1507,MATEMATICAS 2 (BIO-MED),[MATE 1212]
ICYA 4603,DISEÑO GEOM DE VÍAS AVANZADO,[( (ICYA 1113]
MUSI 2824,PIANO APLICADO 3 - 15,[MUSI 2823]
ADMI 2205,FINANZAS 3: ESTRATEGIA,"[MATE 1505, ADMI 2204, ADMI 1203]"
CPOL 3500,SEMINARIO INVESTIGACION,[CPOL 315]
ECON 2101,MICROECONOMIA 2,"[ECON 2107, MATE 1214]"
IIND 4324,APLIC. Y TEORIA EVOLUTIVA ORG.,[( (MATE 130]
FILO 3213,LATIN V,[LITE 2402]
MEDI 3441,INTERNADO OBLIGATORIO ORTOPED.,"[MEDI 3429, MEDI 3426, MEDI 3525, MEDI 3427, MEDI 3515, MEDI 3520, MEDI 3430, MEDI 3424, MEDI 3435, MEDI 3425, MEDI 3114, MEDI 3423, LENG 3999]"
ARTE 3990,INSCRIPCION A GRADO,[ARTE 3502]
MEDI 3524,MODULO SELECTIVO II SALUD P. 2,"[MEDI 3417, MEDI 3418, MEDI 3416, MEDI 3419, MEDI 3420, MEDI 3113, MEDI 3422, MEDI 3434, MEDI 3500]"
MTRI 4301,METOD RESOLUC CASOS TRIBUTARIO,[MTRI 4101]
ISIS 1002,ACOMPAÑAMIENTO ISIS,[]
MBIO 3503,MICROBIOLOGIA MEDICA-LAB,[]
MEDI 3438,INTERNADO OBLIGATORIO GINE-OBS,"[MEDI 3429, MEDI 3426, MEDI 3525, MEDI 3427, MEDI 3515, MEDI 3520, MEDI 3430, MEDI 3424, MEDI 3435, MEDI 3425, MEDI 3114, MEDI 3423, LENG 3999]"
ARQU 3861,PROY UI ARQU DEL PAISAJE,"[ARQU 2103, ARQU 2102, ARQU 2101, LENG 2999]"
ARTE 2126,INTROD. PROCESOS IMPRESIÓN,[ARTE 1116]
MUSI 3616,POSPRODUCCIÓN 1,[MUSI 3607]
LENG 1402,JAPONES 2,[LENG 131]
DERE 3802,CONSULTORIO JURIDICO II,[DERE 303]
IMEC 3460C,COMPL.SISTEMAS DE MANUFACTURA,[]
PSIC 3962,DESARROLLO PSICOLOGICO,"[(PSIC 2313, LENG 2999, PSIC 2312]"
FILO 6981,TUTORÍA DE INVESTIGACIÓN 1 DOC,"[FILO 6000, FILO 6980, FILO 6970, FILO 6961]"
ARQU 3168,GESTION Y DESARROLLO PROY BIM,"[ARQU 2103, ARQU 2102, ARQU 2101, LENG 2999]"
FISI 4102,SEMINARIO 2 ALTAS ENERGIAS,[FISI 4101]
DISE 3149,E7: CHALLENGING EXTREMISM,"[DISE 1000, DISE 3123, DISE 2102, LENG 2999]"
IELE 3338,ROBOTICA,"[MATE 1207, MBIO 1100, IELE 2300, DERE 1300, LENG 2999]"
IIND 4215,CONTROL DE CALIDAD AVANZADO,[( (MATE 130]
ICYA 4414,MODELACION CON ELEMENTOS FINIT,[( (ICYA 1113]
ARQU 3822,TEORIA UI VIVIENDA,"[ARQU 2103, ARQU 2102, ARQU 2101, LENG 2999]"
MUSI 3610,TRABAJO DE GRADO,"[MUSI 3615, MUSI 3607, MUSI 2205, MUSI 2203]"
MEDI 2308,SISTEMA GASTROIN. Y NUTRICION,"[MEDI 2108, MEDI 2306, MEDI 2304, MEDI 2107, MEDI 2305, MEDI 2000, MEDI 2303, MEDI 2300, MEDI 3400, MEDI 2301]"
MEDI 3413,ORTOPEDIA,"[MEDI 3406, MEDI 3407, MEDI 3408, MEDI 3409, MEDI 3111, MEDI 2313, MEDI 2311, MEDI 2312]"
DERE 3903,INVESTIGACION DIRIGIDA,[DERE 3904]
IIND 2401C,REFUERZO ANALIS.DECISION INVER,[]
LENG 2611,ITALIANO 5: ITALIANO Y TEXTOS,[LENG 1604]
FISI 2992,ASTROFISICA ESTELAR,[FISI 1028]
ICYA 1116,ESTATICA,"[FISI 1009, MATE 1203]"
IELE 3200,ELECTRÓNICA ANÁLOGA,"[ESPA 2999, MATE 1207, MBIO 1100, IELE 2204, DERE 1300, LENG 2999]"
MUSI 3814,LITERATURA VOCAL 7,"[MUSI 1901, MUSI 3813, MUSI 2812, MUSI 1904, MUSI 1902, MUSI 2820]"
FISI 4402,SEMINARIO 2 DE OPTICA CUANTICA,[FISI 4101]
MATE 6990,DEFENSA DE TESIS,[]
MEDI 3400,BITACORA SEMIOLOGIA I,[]
MEDI 3415,TURNOS CLINICOS II,"[MEDI 3406, MEDI 3407, MEDI 3408, MEDI 3409, MEDI 3111, MEDI 2313, MEDI 2311, MEDI 2312]"
ARTE 3994,PRACTICA ACADEMICA OBLIGATORIA,"[DERE 1300, LENG 2999]"
BIOL 2308,ECOLOGIA-TEO,"[MBIO 2400, MBIO 2401]"
IMEC 3700,SEMINARIO PROYECTOS,"[IMEC 2700, IIND 2106, IIND 2401]"
MEDI 1104,PRINCIP. DEL DESARROLLO HUMANO,[MEDI 1102]
IELE 2002,TEORÍA ELECTROMAGNÉTICA,"[FISI 1029, FISI 1028, IELE 1006, MATE 1207, MATE 2230]"
ICYA 4213,TESIS 1 MICIV,[ICYA 4212]
PSIC 3814,INFORME DE PRÁCTICA,"[PSIC 3800, PSIC 2602, LENG 000, PSIC 3961, PSIC 3962]"
MSIN 4206,COMPUTACIÓN FORENSE,[EXAL1]
HIST 3103,SEMINARIO MONOGRAFIA DE GRADO,"[HIST 280, HIST 250, HIST 288, HIST 289, HIST 279, HIST 247]"
GEOC 3039,LAB ESTRATIGR. Y SEDIMENTOLOG.,"[GEOC 2049, GEOC 2041]"
LENG 2411,JAPONES 5,[LENG 1404]
MUSI 1611,SOFTWARE MUSICAL 2,[MUSI 1610]
ICYA 3103,PROYECTO GRADO ING AMBIENTAL,"[ICYA 2402, ICYA 1113, ICYA 3107, ICYA 2401, ICYA 2406, ICYA 2407, GEOC 1002, IIND 2106, IIND 2401, FISI 1029, FISI 1028, BIOL 1327, LENG 1501, DERE 1300, ICYA 1101A, LENG 2999, ICYA 2001]"
CPOL 3100,SEM POLITICA COMPARADA,[CPOL 315]
MUSI 3504,COMPOS.MEDIOS COMPLEMENT.,[MUSI 2504]
ADMI 2106,RESPONSABILIDAD SOCIAL,"[ADMI 2801, ADMI 1101]"
MATE 1253,CALCULO 3 Y ALGEBRA LINEAL 1,[MATE 1203]
IIND 2104,MODELOS PROBABILISTICOS,"[MATE 130, IIND 212]"
IQUI 3041,TALLER MODELAMIEN.Y SIMULACION,[]
EDUC 6016,ELABORACION DE PROPUESTA III,[EDUC 6012]
IMEC 1330L,LABORATORIO TERMODINÁMICA,[]
LENG 6994,INGLES DOCTORADOS 4,[INGD4]
FISI 1028,FISICA II,"[FISI 1018, MATE 120, MATE 111B]"
IBIO 4120L,LAB. DINÁMICA CARDIOVASCULAR,[]
MATE 1209,"CALCULO 3 (ECONOMIA,ADMON)","[MATE 112, MATE 115]"
ANTR 3992,PRACTICA PROFESIONAL,[LENG 2999]
LENG 2224,ATELIER D’ÉCRITURE ACADÉMIQUE1,"[LENG 1203, LENG 2228]"
GEOC 2028,MINERALES FORMADORES DE ROCAS,"[QUIM 1101, GEOC 1022]"
MEDI 1210,FARMACOLOGIA,"[MEDI 1999, MEDI 1209, MEDI 1208, MEDI 1200]"
CBIO 6925,PASANTIA 2,[CBIO 6924]
LITE 1614,GRUPO DE TEATRO,[LITE 1613]
MBIT 4005,INTERCAMBIO INTERNACIONAL,[EX081]
FISI 3434,ELECTROMAGNETISMO 2,[FISI 2432]
MUSI 2810,CANTO 4,[MUSI 1912]
ARTE 1117,TALLER BASICO 2,[ARTE 1100]
PSIC 3846,PSIC EN SIST INTEGR DE GESTION,[LENG 2999]
IELE 3138,SIST. ELECTRICOS INDUSTRIALES,"[MATE 1207, MBIO 1100, IELE 1500, IELE 1002, IELE 1200, DERE 1300, IELE 2100, MATE 2230, LENG 2999]"
MUSI 3516,COMPOSICIÓN DE GRADO PARA CINE,[MUSI 3513]
ARQU 2201,ARQUETIPOS EN ARQUITECTURA,[ARQU 1202]
ARQU 3829,ANALISIS UI ARQU URBANA (C),"[ARQU 2103, ARQU 2102, ARQU 2101, LENG 2999]"
QUIM 3350,ESTEREOQUÍMICA Y SELECTIVIDAD,[QUIM 2312]
ANTR 2301,METODO DE ANALISIS LINGÜISTICO,[ANTR 1101]
BIOL 3909,"TRABAJO GRADO, MONOG.PRAT.GRAD",[BIOL 3906]
MEDI 3442,INTERNADO OBLIGATORIO URGENC.,"[MEDI 3429, MEDI 3426, MEDI 3525, MEDI 3427, MEDI 3515, MEDI 3520, MEDI 3430, MEDI 3424, MEDI 3435, MEDI 3425, MEDI 3114, MEDI 3423, LENG 3999]"
PSIC 6990,SUSTENTACIÓN PROYECTO INV.,[PSIC 6970]
FILO 3010,CODIGO DE MONOGRAFIA,[FILO 420]
ECON 6202,MACROECONOMÍA LP DOC,[ECON 6201]
EDUC 6012,ELABORACIÓN DE PROPUESTA II,[EDUC 6006]
MEDI 1106,MEDICINA SOCIAL,"[MEDI 1999, MATE 1507, MEDI 1104, MEDI 1103]"
MSIN 4203,GERENCIA DE CSIRTS Y MAN INCID,[EXAL1]
LENG 1703,PORTUGUES 3,[LENG 1702]
BIOL 3346,LIMNOLOGIA APLICADA,"[QUIM 1103, QUIM 1104, BIOL 1300, BIOL 1301]"
MBIO 2310,BIOLOG. MOLECULAR DE LA CELULA,"[MBIO 1101, MBIO 2103, MBIO 2102, MBIO 1100]"
PSIC 3916,PSICOANALISIS NIÑOS,[LENG 2999]
ISIS 1206,ESTRUCTURAS DE DATOS,[ISIS 1205]
DISE 2607,TIPOGRAFIA EXPERIMENTAL,[DISE 2517]
MUSI 3612,ARMONIA POPULAR 2 ANALISIS Y,[MUSI 3611]
ARTE 3603,PROYECTO NUEVO PENSUM,[ARTE 3502]
IMEC 2320L,LAB TRANSFERENCIA DE CALOR,[]
MATE 3125,LOGICA MODAL,[MATE 367]
MBIO 2500,INMUNOLOGIA-TEO,"[BIOL 2308, BIOL 2309, LENG 2999]"
MEDI 3411,CIRUGIA,"[MEDI 3406, MEDI 3407, MEDI 3408, MEDI 3409, MEDI 3111, MEDI 2313, MEDI 2311, MEDI 2312]"
MUSI 2202,PIANO COMPLEMENTARIO 6,[MUSI 2201]
ADMI 2801,LA GESTION DE LO PUBLICO,[ADMI 2207]
DISE 2616,FOTOGRAFÍA 2: PERSONAS,[DISE 2521]
ANTR 3180,ELECTIVA EN ANTROPOLOGIA,[LENG 2999]
IIND 3107,ING. DE MERCADEO,"[FISI 1029, MATE 130, IIND 2109, LENG 1501, LENG 000, DERE 1300, IIND 222, FISI 1030]"
IELE 1006,FUNDAMENTOS DE CIRCUITOS,"[MATE 1105, MATE 1214]"
MEDI 2307,SISTEMA COMPOR. Y PSIQUIATRIA,"[MEDI 2108, MEDI 2306, MEDI 2304, MEDI 2107, MEDI 2305, MEDI 2000, MEDI 2303, MEDI 2300, MEDI 3400, MEDI 2301]"
MUSI 3611,ARMONIA POPULAR 1 ANALISIS Y,"[MUSI 1601, MUSI 1205, MUSI 1202]"
ARQU 4302,TESIS 2,[ARQU 4301]
MATE 3159,TEO INVARIANTES ALGORITMICA,[MATE 367]
ADMI 3122,JUEGO GERENCIAL,"[ADMI 1603, ADMI 2302, ADMI 2204, ADMI 3502, ADMI 2403, ADMI 1203]"
DISE 2357,COMUNICACIÓN 2,[DISE 2350]
ISIS 4426,DESARROLLO DE SOLUCIONES CLOUD,[EXAL1]
PSIC 3706,TRABAJO DE GRADO 2 06,"[PSIC 3705, LENG 2999]"
FISI 1005,COLOQUIO 2 DE FISICA,[FISI 1003]
ICYA 3501,CALIDAD DEL AIRE Y METEOROLOGI,"[ICYA 1113, ICYA 2412, MATE 1207, GEOC 1002, FISI 1029, FISI 1028, BIOL 1327, MBIO 1100, ISIS 1204, LENG 1501, DERE 1300, ICYA 1110, ICYA 1101A, LENG 2999]"
MEDI 1216,PATOLOGIA,"[MEDI 1999, MEDI 1209, MEDI 1208, MEDI 1200]"
ICYA 4216,PROPUESTA DE TESIS MIAMB,[]
ECON 2104,EVAL. ECONOMICA DE PROYECTOS,"[MATE 1506, ECON 2101]"
IIND 4403,TEORIA DE LA DECISION,[( (MATE 130]
ICYA 6963,PROYECTO DIRIGIDO 3,[ICYA 6962]
DERE 1901,EXAMEN DE CICLO 1,"[DERE 101, DERE 112, DERE 123, DERE 110, DERE 111, DERE 3101, LITE 1611]"
MUSI 1912,CANTO 3,[MUSI 1911]
MEDI 3504,MODULO SELECTIVO I SALUD P. 1,"[MEDI 3415, MEDI 3112, MEDI 3410, MEDI 3413, MEDI 3414, MEDI 3411, MEDI 3412]"
BIOL 2303,INVERTEBRADOS-LAB,"[MBIO 1101, MBIO 1100, BIOL 1300, BIOL 1301]"
ARTE 1118,FOTO BÁSICA 2 :DIGITAL,[ARTE 1105]
MEDI 3423,MEDICINA FISICA Y REHABILITA.,"[MEDI 3417, MEDI 3418, MEDI 3416, MEDI 3419, MEDI 3420, MEDI 3113, MEDI 3422, MEDI 3434, MEDI 3500]"
MATE 6904,PROYECTO DE TESIS 2,"[MATE 6970, MATE 6906, MATE 6971]"
MEDI 3419,UROLOGIA Y ONCOLOGIA,"[MEDI 3415, MEDI 3112, MEDI 3410, MEDI 3413, MEDI 3414, MEDI 3411, MEDI 3412]"
IMEC 2411L,LAB. INGENIERIA DE MATERIALES,[]
IGEN 3129,TALLER INTEGRADO DE INNOVACIÓN,[ICYA 3079]
QUIM 1102,LABORATORIO DE QUIMICA GENERAL,[]
FISI 3020,MECANICA CUANTICA II,[FISI 3010]
MIIA 4001,TRABAJO PRACTICO 1,"[MIIA 4100, MIIA 4101, MIIA 4102]"
FISI 1860,ELECTRONICA PARA CIENCIAS,"[FISI 2026, FISI 1049]"
ISIS 3204,INFRAESTRUCTURA COMUNICACIONES,"[ESPA 2999, ISIS 2102, MATE 1207, MATE 1108, FISI 1021, FISI 1020, ISIS 1105, ISIS 2403, ISIS 1304, DERE 1300, ISIS 1206, LENG 2999]"
MUSI 2401,CONJUNTO 3,[MUSI 2400]
ANTR 3187,TRABAJO DIRIG EN ANTR VISUAL,[LENG 2999]
IELE 2500,SEÑALES,[MATE 1215]
FISI 1039,LABORATORIO DE ONDAS Y FLUIDOS,[FISI 1029]
ECON 3502,HIST.ANALISIS ECONOMICO,"[ECON 1502B, ECON 2102]"
MBIT 4201,EMPRENDIMIENTO Y COMERCIO ELEC,[EXAL1]
GEOC 3049,LAB. SÍSMICA Y SISMOLOGÍA,[]
CBIO 6971,EXAMEN DE CANDIDATURA,[CBIO 6970]
IMEC 2540,DINAMICA DE SISTEMAS MECANICOS,"[FISI 1018, IMEC 1540, MATE 115]"
ADMI 3615,MERCADEO DEPORTIVO,[ADMI 2301]
BCOM 4991,TESIS 8 CR,[LENG 4999]
ECON 2102,MICROECONOMIA 3,"[ECON 2101, MATE 1207]"
CSOF 5200,PROYECTO 2,[CSOF 5100]
FISI 3013,SEM. QFT/FISICA-MATEMATICA,[]
IMEC 2210L,LABORATORIO MECANICA FLUIDOS,[]
FISI 3701,SEMINARIO MATERIA CONDENSADA,[FISI 330]
MUSI 3402,CONJUNTO 8,[MUSI 3401]
CPOL 1500,FUNDAMENTOS DE METODOLOGIA,[MATE 149]
CBIO 6803,SEMIN.INVESTIGACION DOC. L.D.2,[CBIO 6802]
MUSI 3512,COMPOSICIÓN PARA LA IMAGEN III,[MUSI 2515]
MUSI 3400,CONJUNTO 6,[MUSI 2403]
ARQU 2101,PROYECTO HABITAR,"[ARQU 1121, DISE 1000]"
ADMI 2302,INVESTIGACION DE MERCADOS,"[IIND 2107, ADMI 2301]"
IELE 2210,SISTEMAS ELECTRONICOS DIGITALE,[ISIS 1204]
PSIC 3705,TRABAJO DE GRADO 1 06,"[PSIC 2602, PSIC 2708, LENG 000, PSIC 2600]"
MUSI 2504,COMPOSICION 1,"[MUSI 2209, MUSI 2206, MUSI 2200, MUSI 2212, MUSI 2501, MUSI 2204]"
FILO 6970,EXAMEN DE CONOCIMIENTOS,[FILO 6000]
BIOL 1312,BIOLOGIA PARA PSICOLOGIA-TEO,[]
HART 3990,SEMINARIO TRABAJO DE GRADO,"[DERE 1300, LENG 2999]"
LENG 1116,INGLES 1 - LENGUAS Y CULTURA,[LENG 1100]
ARQU 1502,VISUALIZACION Y SIMULACIÓN ARQ,[ARQU 1111]
ARQU 3931,ANALISIS UNIDAD AVANZADA GRP2,[LENG 2999]
ICYA 4606,EVAL.DIAG.CONS.PAVIMENTOS,[( (ICYA 1113]
IQUI 3012,LAB. OPERACIONES UNITARIAS,[]
FISI 6119,SEMINARIO AVANZADO 9,[FISI 6118]
ICYA 3401,HIDROLOGIA,"[FISI 1029, FISI 1028, ICYA 1113, MATE 1207, ISIS 1204, LENG 1501, GEOC 1002, DERE 1300, (QUIM 1101, IIND 2106, LENG 2999, ICYA 2001]"
MUSI 2807,TALLER LÍRICO 3,[MUSI 2806]
DISE 2606,MEDIO: GRÁFICA AVANZADA,[DISE 2509]
MUSI 1602,TECLADO 3,[MUSI 1601]
MUSI 3615,PRE-PROYECTO PRODUCCIÓN,"[MUSI 3606, MUSI 2205, MUSI 3612, MUSI 2203]"
QUIM 2001,PRINCIPIOS DE LA QUIMICA,"[FISI 1028, MATE 1105, MATE 1214, QUIM 1512]"
ICYA 4501,PROP. FISIC. SUEL. MECAN. ROCA,[( (ICYA 1113]
ARQU 3854,TEORIA UI ARQU Y BELLEZA,"[ARQU 2103, ARQU 2102, ARQU 2101, LENG 2999]"
EGOB 4110,SEMINARIO DE POSTGRADO II,[EGOB 4100]
DERE 2402,ARGUMENTACION EN EL PROCESO PE,[DERE 1901]
ARTE 2110,DIBUJO Y OBJETO,[ARTE 1117]
IIND 2201C,REFUERZO CONTROL DE PRODUCCION,[]
ISIS 4000,TESIS I,"[EX201, LENG 4999]"
MATE 1208,CALCULO VECTORIAL (HONORES),"[MATE 112, MATE 115]"
MATE 4523,ESTAD NO PARAMET. Y REMUESTREO,[MATE 387]
MBIO 2400,BIOESTADISTICA-TEO,[MATE 1507]
IQUI 2090,PROYECTO DE MITAD DE CARRERA,"[IQUI 2200, IQUI 2102]"
MGAP 4414,POLIT.GEST.AMBIENTAL AMERICA,[MGAP 4436]
ISIS 2503L,LAB. ARQUITEC. Y DISEÑO DE SW,[ISIS 2603]
MUSI 2501,TALLER DE COMPOSICION 2,"[MUSI 1210, MUSI 2601, MUSI 2500]"
LENG 1118,INGLES 3 - LENGUAS Y CULTURA,[LENG 1117]
ANTR 3178,SEM. ELECTIVO HOMOLOGADO 2,[LENG 2999]
LENG 1404,JAPONES 4,[LENG 133]
BIOL 1300,BIOLOGIA DE ORGANISMOS-TEO,[]
FISI 4099,TRABAJO DE GRADO (2),"[LENG 4999, FISI 4098]"
FISI 6117,SEMINARIO AVANZADO 7,[FISI 6116]
IMEC 2543,DINAMICA DE MAQUINARIA,"[IMEC 2540, LENG 000]"
ISIS 1105,DISEÑO Y ANALISIS DE ALGORI.,"[MATE 1105, ISIS 1104, ISIS 1206]"
ARTE 3200,ARTE Y PROCESOS CIENTIFICOS,[ARTE 1213]
ECON 6987,INVESTIGACION TESIS DOCTORAL 8,[ECON 6986]
IIND 4406,GERENCIA FINANCIERA DEL RIESGO,[( (MATE 130]
FISI 1019,FISICA EXPERIMENTAL I,[]
QUIM 1619,LAB FUNDAM ANÁLISIS QUÍMICO,[]
ICYA 4308,PRESUP. ANÁLISIS CONTROL COSTO,[( (ICYA 1113]
MEDI 3408,BITACORA CLINICA I,"[MEDI 2109, MEDI 2307, MEDI 2308, MEDI 2309, MEDI 2310, MEDI 2110, MEDI 3403]"
ARTE 3217,VIDEOGRAFIAS DE LA MEMORIA,[ARTE 1201]
PSIC 3915,GETION Y DLLO.TALENTO HUMANO,[LENG 2999]
MEDI 3418,REANIMACION BASICA Y AVANZADA,"[MEDI 3415, MEDI 3112, MEDI 3410, MEDI 3413, MEDI 3414, MEDI 3411, MEDI 3412]"
ICYA 2402,HIDRAULICA,[ICYA 2401]
MDIS 4203,FUNDAMENTOS 3,"[MDIS 4202, MDIS 4201]"
ICYA 4350,NIV. ING. GERENC. CONSTRUCCION,[]
MEDI 3113,HABILIDADES DE COMUNICACION II,"[MEDI 3415, MEDI 3112, MEDI 3410, MEDI 3413, MEDI 3414, MEDI 3411, MEDI 3412]"
MATE 2506,PROBABILIDAD Y ESTADIST.(ECON),"[MATE 112, MATE 118]"
FISI 3401,SEMINARIO 1. OPTICA CUANTICA,[FISI 330]
MBIT 4102,FINANZAS Y MERCADEO ESTRAT.,[EXAL1]
MUSI 2407,INSTRUMENTO 7,[MUSI 2406]
PSIC 2602,EVALUACION PSICOLÓGICA,[PSIC 2601]
IELE 1010,CIRCUITOS E INSTRUMENTACION,"[MATE 1105, MATE 1214]"
LENG 1463,CONVERSA Y ESCRIT EN JAPONÉS 3,[LENG 1402]
MUSI 2205,ARMONIA 4,[MUSI 1204]
MATE 3523,ESTAD NO PARAMET. Y REMUESTREO,[MATE 387]
MATE 3712,TEORIA DE JUEGOS,[MATE 286]
MBIT 4202,GOBIERNO DE TI,[EXAL1]
MISO 4202,MEJOR. PRODUCT: AUTOMATIZACION,[EXAL1]
MUSI 3406,RECITAL GRADO,[MUSI 3403]
PSCL 4110,REVISTA DE CASOS CLÍNICOS II,[PSCL 4109]
FISI 3040,FISICA ESTADISTICA,[FISI 2040]
IQUI 2020C,COMPL. TERMODINÁMICA,[]
MEDI 2304,SISTEMA HEMATOPOYETI. Y NEOPL.,"[ESPA 2999, MEDI 1216, MEDI 1106, MEDI 1215, MEDI 1105, MBIO 2103, MBIO 2102, MBIO 2101, MBIO 2100, FISI 1023, MEDI 1210, FISI 1022, MEDI 1212, MEDI 1211, MEDI 1214, LENG 2999]"
LENG 4998,TALLER LECTURA 2 POSTGRADO,[LENG 4997]
MATE 2301,ECUACIONES DIFERENCIALES,[MATE 114]
MBIO 2101,BIOQUIMICA-LAB,"[QUIM 1304), QUIM 1303]"
MEDI 2107,ELEMENT. DE DECISION CLINICA I,"[ESPA 2999, MEDI 1216, MEDI 1106, MEDI 1215, MEDI 1105, MBIO 2103, MBIO 2102, MBIO 2101, MBIO 2100, FISI 1023, MEDI 1210, FISI 1022, MEDI 1212, MEDI 1211, MEDI 1214, LENG 2999]"
MBIO 2304,PARASITOLOGIA-TEO,"[BIOL 1300, BIOL 1301]"
MUSI 3619,PRE-PROYECTO PRODUCCIÓN - 15,"[MUSI 3606, MUSI 2208, MUSI 3616, MUSI 2212, MUSI 2205, MUSI 1611, MUSI 2203]"
BIOL 2311,VERTEBRADOS LAB,"[BIOL 1300, BIOL 1301]"
LENG 1103,INGLÉS 3,[LENG 1102]
MECA 4202,REGULACIÓN ECONÓMICA,"[MATE 2506, ECON 2202, ECON 2102, MATE 2711]"
MINE 4101,CIENCIA DE DATOS APLICADA,[EXAL1]
ECON 3761,SEM ANÁLISIS CONFLICTO ARMADO,"[ECON 3301, ECON 2102]"
MATE 2507,PROB. Y ESTAD ASUNTOS PUBLICOS,[MATE 112]
FISI 1023,LABORATORIO DE FISICA BASICA 2,"[FISI 1013, FISI 163]"
MUSI 2815,LITERATURA VOCAL 2,"[MUSI 1910, MUSI 1903]"
ICYA 4807,TRANSPORTE PUBLICO Y MASIVO,[( (ICYA 1113]
MEDI 3437,INTERNADO OBLIGATORIO CIRUGIA,"[MEDI 3429, MEDI 3426, MEDI 3525, MEDI 3427, MEDI 3515, MEDI 3520, MEDI 3430, MEDI 3424, MEDI 3435, MEDI 3425, MEDI 3114, MEDI 3423, LENG 3999]"
MISO 4005,INTERCAMBIO INTERNACIONAL,[EX081]
ARQU 2420,PROYECTO URBANO,[ARQU 1420]
DISE 2100,ESTUDIO 3,"[DISE 1107, DISE 1000]"
LENG 2212,FRANCES 6,[LENG 178]
MBIO 2307,VIROLOGIA-LAB,"[BIOL 2201, BIOL 2200]"
ISIS 4217,PARADIGMAS DE PROGRAMACIÓN,[EXAL1]
MBIO 2306,VIROLOGIA-TEO,"[BIOL 2201, BIOL 2200]"
MISO 4301,PROYECTO INTEGRADOR,"[LENG 4999, EXPF1]"
ECON 4643,RIESGOYVALORACIÓN DE DERIVADOS,"[ECON 2302, ECON 218]"
LITE 3346,SEMINARIO DE COLOMBIANA,[LITE 1100]
HIST 4801,TUTORIAL DE INV. 2- MHIST,[HIST 4800]
IMEC 3345,SISTEMAS CONVERSION DE ENERGIA,"[IMEC 2320, IMEC 2700, IELE 2300, IIND 2106, IIND 2401]"
MEDI 3443,PALS / REANIMACION PEDIATRICA,"[MEDI 3417, MEDI 3418, MEDI 3416, MEDI 3419, MEDI 3420, MEDI 3113, MEDI 3422, MEDI 3434, MEDI 3500]"
MBIO 3513,GENOMICA Y BIOINFORMATICA,"[MBIO 2103, MBIO 2102, LENG 2999]"
MUSI 2303,DIRECCION CORAL 2,[MUSI 2302]
IMEC 4800,PROB. ESPECIAL MAGISTER,[]
LITE 2406,GRIEGO II,[LITE 105]
ARQU 3912,PROYECTO UNIDAD AVANZADA GRP3,"[LENG 2999, UNIT1]"
ICYA 4530,ANALISIS DE RIESGO,[( (ICYA 1113]
IMEC 4702,TESIS 2,[IMEC 4701]
MATE 6971,EXAMEN DE CONOCIMIENTO 2,[MATE 6970]
ICYA 1122,MATERIALES EN INGENIERIA CIVIL,[ICYA 1116]
MEDI 3542,INTERNADO SELECTIVO HOS. CL. 3,"[MEDI 3429, MEDI 3426, MEDI 3525, MEDI 3427, MEDI 3515, MEDI 3520, MEDI 3430, MEDI 3424, MEDI 3435, MEDI 3425, MEDI 3114, MEDI 3423, LENG 3999]"
MADM 4550,ESTRATEGIA,"[MADM 4450, MADM 4650, MADM 4206, MADM 4303]"
QUIM 6987,TESIS 7 (DOCTORADO),[QUIM 6986]
FISI 6984,TESIS IV,[FISI 6983]
MBIO 3601,FITOPATOLOGIA-LAB,"[MBIO 2303, MBIO 2302, LENG 2999]"
MUSI 1911,CANTO 2,[MUSI 1910]
IQUI 3501,PROYECTO ESPECIAL,[IQUI 2090]
MUSI 1903,LITERATURA VOCAL 1,[MUS070.0]
IELE 3208,TALLER DE ELECTRONICA,"[MATE 1207, MBIO 1100, IELE 1200, DERE 1300, IELE 3200, IELE 3222, MATE 2230, IELE 3220, LENG 2999]"
MEDI 2306,SISTEMA RESPIRATORIO,"[ESPA 2999, MEDI 1216, MEDI 1106, MEDI 1215, MEDI 1105, MBIO 2103, MBIO 2102, MBIO 2101, MBIO 2100, FISI 1023, MEDI 1210, FISI 1022, MEDI 1212, MEDI 1211, MEDI 1214, LENG 2999]"
IBIO 4120,DINÁMICA CARDIOVASCULAR,[IBIO 3160]
MATE 6985,PRETESIS 5,[MATE 6984]
FILO 6983,TUTORÍA DE INVESTIGACIÓN 3 DOC,"[FILO 6000, FILO 6980, FILO 6970, FILO 6981, FILO 6982, FILO 6961]"
MUSI 3404,INSTRUMENTO 9,[MUSI 3403]
ISIS 4005,INTERCAMBIO INTERNACIONAL,[EX081]
MISO 4101,PROCESOS DE DESARROLLO AGILES,[EXAL1]
LENG 1604,ITALIANO 4,[LENG 192]
CONT 1221,TALLER DE COMUNICACIÓN ORAL,[LITE 1611]
ARTE 2116,GRABADO EN METAL,[ARTE 1100]
FISI 3042,TOPICOS EN MECANICA ESTADISTIC,"[FISI 330, FISI 340]"
ISIS 4002,TUTORIAL,[EX081]
FILO 3992,PRACTICA DE MEDIO TIEMPO,[FILO 3000]
MUSI 3505,COMPOSICION GRADO,"[MUSI 3504, MUSI 3503, MUSI 3501]"
IMEC 2520L,LABORATORIO MEC. SÓL. DEFORMAB,[]
MUSI 3301,DIRECCION CORAL 4,[MUSI 3300]
DADM 6985,SEMINARIO DE TESIS V,[DADM 6984]
MBIO 2302,BIOLOGIA DE HONGOS-TEO,"[MBIO 1100, BIOL 1300, BIOL 1301]"
MEDI 3427,URGENCIAS,"[MEDI 3417, MEDI 3418, MEDI 3416, MEDI 3419, MEDI 3420, MEDI 3113, MEDI 3422, MEDI 3434, MEDI 3500]"
QUIM 1211,LABORATORIO DE QUIMICA INORG.I,[QUIM 1210]
ARQU 3810,PROY. UNIDAD INTERM. FORMA,"[ARQU 2103, ARQU 2102, ARQU 2101, LENG 2999]"
FISI 1022,FISICA BASICA 2,"[MATE 1212, FISI 161]"
IQUI 3991,PRACTICA PROFESIONAL 6,[IQUI 2102]
FISI 6116,SEMINARIO AVANZADO 6,[FISI 6115]
IIND 4107,PROCESOS ESTOCASTICOS,[( (MATE 130]
IMEC 3460,SISTEMAS DE MANUFACTURA,"[IMEC 2700, IMEC 2411, IELE 2300, IIND 2106, IIND 2401]"
ECON 3730,SEM TEMAS MONETARIOS-BANCARIOS,[ECON 2202]
ISIS 3302,"MODELADO, SIMULACION Y OPTIMIZ","[ESPA 2999, ISIS 2102, MATE 1207, MATE 1108, FISI 1021, FISI 1020, ISIS 1105, ISIS 1304, DERE 1300, ISIS 1206, IIND 2106, LENG 2999]"
MUSI 3513,COMPOSICIÓN PARA LA IMAGEN IV,[MUSI 3512]
ICYA 4302,PLANIF. CONSTR. LEAN CONSTRUCT,[( (ICYA 1113]
ICYA 4138,HIDROLOGIA URBANA,[( (ICYA 1113]
ARQU 3990,INSCRIPCION A GRADO,[]
ECON 3762,ECONOMÍA POLÍTICA DE GÉNERO,"[ECON 3301, ECON 2102]"
FISI 3028,MÉT. COMPUTACIONALES AVANZADOS,"[FISI 2029, FISI 2028]"
IMEC 2411,INGENIERÍA DE MATERIALES,"[IMEC 1001, IMEC 1410]"
MEDI 2300,GENÉTICA MÉDICA,"[ESPA 2999, MEDI 1216, MEDI 1106, MEDI 1215, MEDI 1105, MBIO 2103, MBIO 2102, MBIO 2101, MBIO 2100, FISI 1023, MEDI 1210, FISI 1022, MEDI 1212, MEDI 1211, MEDI 1214, LENG 2999]"
LENG 1704,PORTUGUES 4,[LENG 1703]
IIND 2103,PRINCIPIOS OPTIMIZACION,"[MATE 112, MATE 115, ISIS 121]"
QUIM 3516,QUIMICA COMPUTACIONAL,[QUIM 3514]
EGOB 4122,PROYECTO DE GRADO APLICADO II,[EGOB 4107]
EDUC 6009,COLOQUIO DE INVESTIGACION V,[EDUC 6008]
HIST 3991,PRACTICA PROFESIONAL,[HIST 3103]
MUSI 1416,INSTRUMENTO 2 - 15,[MUSI 1415]
ISIS 1001,INTROD. INGENIERIA DE SISTEMAS,[]
CPOL 6990,SUSTENTACION DE TESIS,"[CPOL 6981, CPOL 6982]"
EDUC 6013,INVESTIGACION DOCTORAL,[EDUC 6012]
ISIS 3204L,LAB INFRAEST DE COMUNICACIONES,"[ESPA 2999, ISIS 2102, MATE 1207, MATE 1108, FISI 1021, FISI 1020, ISIS 1105, ISIS 2403, ISIS 1304, DERE 1300, ISIS 1206, LENG 2999]"
CBIO 6983,TESIS DOCTORADO 4,[CBIO 6982]
QUIM 1302,LAB DE QUIMICA ORGANICA,[]
FISI 4902,SEM.2 ASTRONOMIA Y ASTROFISICA,[FISI 4101]
IIND 4002,TESIS 1,"[IIND 4100, IIND 4101), LENG 4999]"
LENG 1225,EXPRESSION ORALE ET PHONÉTIQUE,[LENG 1201]
FILO 4811,TUTORÍA DE INVESTIGACIÓN 2,"[FILO 4810, FILO 4800]"
MBIO 2301,BACTERIOLOGIA-LAB,"[MBIO 1101, MBIO 1100, BIOL 1300, BIOL 1301]"
ARQU 3832,ANÁLISIS UI VIVIENDA,"[ARQU 2103, ARQU 2102, ARQU 2101, LENG 2999]"
ANTR 3993,PRACTICA DE GRADO,"[ANTR 3191, LENG 2999]"
EDUC 6011,PASANTIA DOCTORAL,[EDUC 6012]
GEOC 3038,ESTRATIGRAFÍA Y SEDIMENTOLOGÍA,"[GEOC 2048, GEOC 2040]"
ARQU 3932,ANÁLISIS UNIDAD AVANZADA GRP3,[LENG 2999]
CBIO 4912,TESIS MAESTRIA 1,[CBIO 4902]
HIST 3106,ASIST. INVESTIGACION GRADO,[HIST 290]
MATE 4173,ALGEBRA ABSTRACTA 2,[MATE 367]
MEDI 3503,MODULO SELECTIVO I INVESTIG. 1,"[MEDI 3415, MEDI 3112, MEDI 3410, MEDI 3413, MEDI 3414, MEDI 3411, MEDI 3412]"
MINE 4103,ADMIN. DEL CONOCIMIENTO,[EXAL1]
MEDI 1999,REQUISITO DE VACUNAS 3 SEMEST.,[MBIO 1100]
MEDI 2301,PARASITOLOGIA MEDICA,"[ESPA 2999, MEDI 1216, MEDI 1106, MEDI 1215, MEDI 1105, MBIO 2103, MBIO 2102, MBIO 2101, MBIO 2100, FISI 1023, MEDI 1210, FISI 1022, MEDI 1212, MEDI 1211, MEDI 1214, LENG 2999]"
ANTR 2106,ETNOHISTORIA AMERICANA,"[ANTR 1101, LENG 2999]"
ICYA 4608,MATERIALES ASFÁLTICOS,[( (ICYA 1113]
MGEO 4504,MAPA,[MGEO 4100]
IELE 3420,INGENIERIA DE TELETRAFICO,"[MATE 1207, MBIO 1100, IELE 2402, IELE 1500, IELE 1002, IELE 1200, DERE 1300, LENG 2999]"
DISE 3146,ESTUDIO 6: INTERACCIÓN,"[DISE 1000, DISE 2102]"
MINE 4102,ANALISIS INFORM SOBRE BIG DATA,[EXAL1]
MPER 4300,INVESTIGACIÓN EN PERIODISMO,[MPER 4400]
ARQU 3930,ANÁLISIS UNIDAD AVANZADA,[LENG 2999]
IQUI 2024,LAB. EQUILIBRIO,[]
PSIC 2317,PSICOLOGÍA DE LA MEMORIA,[PSIC 1402]
MUSI 2415,INSTRUMENTO 5 - 15,[MUSI 2414]
ARQU 1111,TALLER DE COMPOSICION 1,[]
IIND 2302C,COMPL. PENS SISTE ORGANIZACION,[]
IIND 4341,ING. SISTÉMICA Y CREATIVIDAD,[( (MATE 130]
PSIC 3600,OPCION GRADO MATERIAS MAESTRIA,[LENG 000]
CIDE 4135,TUTORIAL DE INVESTIGACIÓN,[CIDE 4133]
QUIM 2518,FUNDAMENTOS DE FISICOQUÍMICA,[QUIM 1618]
ICYA 3305,ESTRUCTURAS GEOTECNICAS,"[ICYA 1125, ICYA 1113, ICYA 2304, ICYA 1117, MATE 1207, QUIM 1101, GEOC 1002, FISI 1029, FISI 1028, ISIS 1204, LENG 1501, DERE 1300, LENG 2999, ICYA 1122]"
MATE 3904,SEMINARIO PROYECTO DE GRADO 1,"[MATE 360, MATE 300]"
ARQU 3933,ANÁLISIS UNIDAD AVANZADA GRP4,[LENG 2999]
ECON 3739,SEM SINDICALISMO Y MOV.SOCIALE,"[ECON 1001B, ECON 2203]"
ICYA 2406,POTABILIZACION,"[ICYA 2401, ICYA 1110]"
LENG 2115,INGLES 5 - LENGUAS Y CULTURA,[LENG 2114]
MUSI 2808,TALLER LÍRICO 4,[MUSI 2807]
DERE 3801,CONSULTORIO JURIDICO I,"[DERE 132, DERE 2208, DERE 133, DERE 251, DERE 131, DERE 2207, DERE 250, DERE 2403, DERE 2502, DERE 117, DERE 137, DERE 2103, DERE 245, DERE 143, DERE 241, DERE 263, DERE 127, DERE 105, DERE 103, DERE 246, DERE 126, DERE 104, DERE 3302, DERE 3303, DERE 3204, DERE 3201, DERE 2211, DERE 3202]"
FISI 3760,FISICA DEL ESTADO SOLIDO,[FISI 3040]
MBIO 3101,BIOL.CELU Y MOLEC.PROCAR.-LAB,"[MBIO 2103, MBIO 2102, MBIO 2102C]"
MEDI 3426,COMP. HUMANO: TOXI. Y SEXUALI.,"[MEDI 3417, MEDI 3418, MEDI 3416, MEDI 3419, MEDI 3420, MEDI 3113, MEDI 3422, MEDI 3434, MEDI 3500]"
MEDI 3432,BITACORA CLINICA V,"[MEDI 3429, MEDI 3426, MEDI 3525, MEDI 3427, MEDI 3515, MEDI 3520, MEDI 3430, MEDI 3424, MEDI 3435, MEDI 3425, MEDI 3114, MEDI 3423, LENG 3999]"
ARQU 3325,SEM. ESTRUCTURAS MADERA,"[ARQU 2103, ARQU 2102, ARQU 2101, LENG 2999]"
MUSI 3313,CONCIERTO DE GRADO - 15,"[MUSI 2206, MUSI 3301, MUSI 2202, MUSI 2213]"
FILO 2000,LOGICA 2,[FILO 1000]
ARTE 3117,FOTO PAISAJE,[ARTE 1105]
ICYA 2401,MECANICA DE FLUIDOS,"[FISI 1009, MATE 1214]"
ARTI 4205,ARQUITECTURA PROCESOS NEGOCIO,"[EXAL1, EX121]"
EGOB 4109,TÉCNICAS DE ANÁLISIS DATOS II,[EGOB 4104]
HIST 6970,TUTORIAL DE INV. IV- DHIST,[HIST 6981]
MATE 1505,PROB. Y ESTADISTICA 1,"[MATE 112, MATE 124, MATE 118]"
MEDI 3543,INTERNADO SELECTIVO INVESTI. 3,"[MEDI 3429, MEDI 3426, MEDI 3525, MEDI 3427, MEDI 3515, MEDI 3520, MEDI 3430, MEDI 3424, MEDI 3435, MEDI 3820, MEDI 3425, MEDI 3114, MEDI 3423, LENG 3999]"
MEDI 2109,ELEMEN. DE DECISION CLINICA II,"[MEDI 2108, MEDI 2306, MEDI 2304, MEDI 2107, MEDI 2305, MEDI 2000, MEDI 2303, MEDI 2300, MEDI 3400, MEDI 2301]"
ARQU 3920,TEORIA UNIDAD AVANZADA,[LENG 2999]
ECON 3501,HISTORIA ECONOMICA DE COLOMBIA,"[ECON 2101, ECON 2301, ECON 2203, ECON 1501]"
ISIS 2603L,LAB DLLO DE SW EN EQUIPO,[ISIS 1206]
LENG 2612,ITALIANO 6,[LENG 2611]
ARTE 2207,ARTE SONORO,[ARTE 1213]
BIOL 3201,GENETICA EVOLUTIVA-LAB,"[BIOL 2201, BIOL 2200, BIOL 2203, BIOL 2202, LENG 2999]"
DISE 2308,PRODUCTO 3,[DISE 2301]
GEOC 3303,GEOSTATISTICS,[MATE 1207]
LENG 4994,TALLER DE LECTURA 2 - CIFE,[LENG 4993]
ANTR 3102,PENSAM. ANTROPOLOGICO COLOMB.,"[ANTR 2103, ANTR 3101, LENG 2999]"
FISI 6115,SEMINARIO AVANZADO 5,[FISI 6114]
QUIM 4900,TESIS I,[QUIM 4100]
MEDI 3500,MODULO SELECTIVO I ADMINIST. 1,"[MEDI 3415, MEDI 3112, MEDI 3410, MEDI 3413, MEDI 3414, MEDI 3411, MEDI 3412]"
ANTR 3195,INVESTIGACION DIRIGIDA GRADO,"[ANTR 3191, LENG 2999]"
ARQU 1010,PORTAFOLIO REQUISITO DE GRADO,[]
BIOL 2310,VERTEBRADOS TEO,"[BIOL 1300, BIOL 1301]"
FISI 1038,ONDAS Y FLUIDOS,[FISI 1028]
ARTE 2100,DIBUJO DEL CUERPO,[ARTE 1117]
IIND 3312,EMPREND.INNOVAC.EN INGE,"[FISI 1029, MATE 130, LENG 1501, ISIS 121, LENG 000, DERE 1300, FISI 1030]"
MEDI 1102,HABILIDADES DE COMUNICACIÓN I,"[MEDI 1100, MEDI 1101]"
ICYA 1110,QUIMICA AMBIENTAL,[QUIM 1101]
MBIO 3602,MICROBIOLOGIA DE ALIMENTOS-TEO,"[MBIO 2301, MBIO 2300, MBIO 2303, MBIO 2302]"
ISIS 1205,ALGORITMICA Y PROGR. OBJ. II,[ISIS 1204]
PSIC 4107,DISEÑO PROY INV III COLOQ II,[PSIC 4106]
FISI 1018,FISICA I,[]
MEDI 2313,SISTEMA REPRODUCTIVO,"[MEDI 2109, MEDI 2307, MEDI 2308, MEDI 2309, MEDI 2310, MEDI 2110, MEDI 3403]"
MUSI 2817,LITERATURA VOCAL 4,"[MUSI 1912, MUSI 1901, MUSI 2816]"
DEIN 4404,TRABAJO DE GRADO,[DEIN 4402]
LENG 2315,KREATIVES SPRECHEN UND SCHREIB,[LENG 1304]
IIND 2301C,REFUERZO DINÁMICA DE SISTEMAS,[]
MEDI 1218,BIOQUIMICA,"[QUIM 1301, QUIM 1302]"
MEDI 3516,MODULO SELECTIVO II AT. PRI. 1,"[MEDI 3417, MEDI 3418, MEDI 3416, MEDI 3419, MEDI 3420, MEDI 3113, MEDI 3422, MEDI 3434, MEDI 3500]"
ISIS 2203,INFRAESTRUCTURA COMPUTACIONAL,[ISIS 1304]
MISO 4206,ARQUITECTURA SW ÁGIL,[EXAL1]
DERE 3609,CONCURSO PHILIP JESSUP,[DERE 3606]
IBIO 6962,PROYECTO DIRIGIDO 2,[IBIO 6961]
ICYA 3102,PROYECTO DE GRADO ING. CIVIL,"[ICYA 1125, ICYA 2402, ICYA 1113, ICYA 2304, ICYA 2401, ICYA 2203, ICYA 3108, QUIM 1101, GEOC 1002, IIND 2106, IIND 2401, FISI 1029, FISI 1028, LENG 1501, DERE 1300, LENG 2999, ICYA 1122, ICYA 2001]"
SPUB 4105,EPIDEMIOLOGÍA AVANZADA,[SPUB 4103]
IELE 2901,MONITORIA ING ELECTR-ELECTRO 2,[]
DDER 6203,SEMINARIO DE INVESTIGACION,[DDER 6202]
IIND 3218C,REFUERZO FUND. CALIDAD,[]
MEDI 3534,INTERNADO SELECTIVO SALUD P.1,"[MEDI 3429, MEDI 3426, MEDI 3525, MEDI 3427, MEDI 3515, MEDI 3520, MEDI 3430, MEDI 3424, MEDI 3435, MEDI 3425, MEDI 3114, MEDI 3423, LENG 3999]"
PSIC 2601,PSICOMETRIA,[PSIC 2707]
QUIM 3215,LABORATORIO QUIMICA INORG. III,"[QUIM 1213, QUIM 3214]"
IELE 1002,FUNDAMENTOS DE CIRCUITOS,"[MATE 1105, MATE 1214]"
MEDI 3412,OFTALMOLOG. Y OTORRINOLARINGO.,"[MEDI 3406, MEDI 3407, MEDI 3408, MEDI 3409, MEDI 3111, MEDI 2313, MEDI 2311, MEDI 2312]"
ICYA 3079,PROY. FINAL DISEÑO ING. AMB.,"[ICYA 1113, MATE 1207, GEOC 1002, FISI 1029, FISI 1028, BIOL 1327, MBIO 1100, ISIS 1204, LENG 1501, DERE 1300, ICYA 1110, ICYA 1101A, LENG 2999]"
ARTE 2108,FUNDAMENTOS DE DIBUJO,[ARTE 1101]
DERE 2502,PROTECCIÓN LABORAL,[DERE 2501]
ARQU 2203,ARQUITECTURA MODERNA,[ARQU 1202]
MUSI 2812,CANTO 6,[MUSI 2811]
ICYA 4119,GESTIÓN DE LODOS,[( (ICYA 1113]
MEDI 3522,MODULO SELECTIVO II HOS. CL. 2,"[MEDI 3417, MEDI 3418, MEDI 3416, MEDI 3419, MEDI 3420, MEDI 3113, MEDI 3422, MEDI 3434, MEDI 3500]"
PSIC 2316,PSICOLOGIA DE LA PERCEPCION,[PSIC 1402]
ARTI 4106,ARQUITECTURA EMPRESARIAL,"[EX201, EXAL1]"
EDUC 6005,COLOQUIO DE INVESTIGACION II,[EDUC 6003]
IQUI 4301,TESIS I,[IQUI 4402]
ARQU 3860,TEORÍA UI INTERDISC COLOMBIA,"[ARQU 2103, ARQU 2102, ARQU 2101, LENG 2999]"
ECON 6982,INVESTIGACION TESIS DOCTORAL 3,[ECON 6981]
IELE 3330,TALLER DE CONTROL,"[MATE 1207, MBIO 1100, IELE 1002, IELE 1200, IELE 2300, DERE 1300, LENG 2999]"
IIND 1001,PROGRAMA DE ACOMPAÑAMIENTO,[]
MDER 4401,MONOGRAFIA DE GRADO,"[MDER 4201, MDER 4301, MDER 4543, MDER 4203, MDER 4202]"
MATE 2101,ALGEBRA ABSTRACTA 1,"[MATE 360B, MATE 115]"
MUSI 1210,PIANO COMPLEMENTARIO 3,[MUSI 1209]
IELE 1502,SISTEMAS DINÁMICOS,"[FISI 1028, MATE 1214]"
ECON 2203,INTRODUCCIÓN A LA MACRO,[ECON 2107]
IQUI 3001C,COMPL. PROC. SEPARACION,[]
MBIO 2100,BIOQUIMICA-TEO,"[QUIM 1304), QUIM 1303]"
IQUI 3040,OPTIMIZACION PROCESOS QUIMICOS,"[IQUI 2300, ISIS 1204]"
LITE 2100,TEORIA LITERARIA 2,[LITE 1100]
MUSI 3813,LITERATURA VOCAL 6,"[MUSI 1901, MUSI 2811, MUSI 2818, MUSI 1902, MUSI 1904)]"
MINE 4005,INTERCAMBIO INTERNACIONAL,[EX081]
IQUI 2300C,COMPL. ING. REACCIONES,[]
ECON 3602,MEMORIA DE GRADO,"[ECON 2202, ECON 3301, ECON 3502, ECON 2105, ECON 2204, ECON 3501, ECON 1501, LENG 2999]"
MEDI 1219,LABORATORIO DE ANATOMIA,"[MBIO 1100, QUIM 1301, QUIM 1302]"
QUIM 1105,APLICACIONES DE QUÍMICA,[QUIM 1103]
FISI 6986,TESIS VI,[FISI 6985]
ICYA 4503,DIS. GEOTEC. CONFIAB. Y ANALIS,[( (ICYA 1113]
ISIS 2804,LAB MARATONES PROGRAMACION,[ISIS 1204]
MUSI 2206,ARMONIA 5,[MUSI 2205]
ARQU 3992,PRACTICA INSTITUC.TIEMPO PARCI,"[ARQU 2103, ARQU 2102, ARQU 2101, LENG 2999]"
MEDI 3530,INTERNADO SELECTIVO ADMIN. 1,"[MEDI 3429, MEDI 3426, MEDI 3525, MEDI 3427, MEDI 3515, MEDI 3520, MEDI 3430, MEDI 3424, MEDI 3435, MEDI 3425, MEDI 3114, MEDI 3423]"
ARQU 3351,ARQU EN TIERRA CRUDA,"[ARQU 2103, ARQU 2102, ARQU 2101, LENG 2999]"
MEDI 3435,BITACORA CLINICA IV,"[MEDI 3417, MEDI 3418, MEDI 3416, MEDI 3419, MEDI 3420, MEDI 3113, MEDI 3422, MEDI 3434, MEDI 3500]"
QUIM 1618,FUNDAMENTOS ANÁLISIS QUÍMICO,[QUIM 1301]
ARTE 2114,OBJETO Y CONTEXTO,[ARTE 1117]
MUSI 2821,RECITAL MITAD DE CARRERA CANTO,[MUSI 2811]
MUSI 2816,LITERATURA VOCAL 3,"[MUSI 1911, MUSI 2815]"
IIND 4108,APLICA.EN INVEST.DE OPERACI.,[( (MATE 130]
MEDI 3425,PSIQUIATRÍA,"[MEDI 3417, MEDI 3418, MEDI 3416, MEDI 3419, MEDI 3420, MEDI 3113, MEDI 3422, MEDI 3434, MEDI 3500]"
ECON 3402,TEORIA POLIT.MONETARIA,"[ECON 2202, ECON 2301]"
ISIS 3007,PROYECTO DE GRADO,"[ESPA 2999, ISIS 2102, MATE 1207, MATE 1108, ISIS 2302, IIND 2106, IIND 2401, FISI 1021, ISIS 2501, ISIS 2204, FISI 1020, ISIS 1105, ISIS 2007, ISIS 2403, ISIS 2503, DERE 1300, LENG 2999]"
LITE 3405,SEMINARIO DE GRIEGO IV,[LITE 2401]
MEDI 3430,PROYECTO DE GRADO II,"[MEDI 3417, MEDI 3418, MEDI 3416, MEDI 3419, MEDI 3420, MEDI 3113, MEDI 3422, MEDI 3434, MEDI 3500]"
LENG 1203,FRANCÉS 3,[LENG 172]
IQUI 3106,FUND CIENCIA INGEN POLIMEROS,"[IQUI 2101, LENG 2999]"
EGOB 4113,SEMINARIO DE POSTGRADO III,[EGOB 4110]
QUIM 2313,LAB. QUIMICA ORGANICA II,"[QUIM 2312, QUIM 1311]"
IELE 2000,ANALISIS Y SINTESIS CIRCUITOS,[IELE 1002]
ICYA 4136,MODELAC. CONTAMINACION ATMOSF.,[( (ICYA 1113]
ISIS 2008,VISIÓN ISIS,[]
IBIO 2780,PROYECTO DE DISEÑO 1,"[IMEC 2201, IBIO 1010, IELE 1010]"
ICYA 4320,GERENCIA PROY. INMOBILIARIOS,[( (ICYA 1113]
ECON 3743,APLIC EMPIR EN ECON POLITICA,[ECON 3301]
PSIC 3921,APREN. DENTRO-FUERA DE ESCUELA,[LENG 2999]
PSCL 4102,PSICOLOGÍA CLÍNICA III,[PSCL 4100]
BIOL 3324,BIOLOGIA DE LA CONSERVACION,"[BIOL 2308, BIOL 2309, BIOL 2201, BIOL 2200, LENG 2999]"
MATE 4330,ANALISIS FUNCIONAL,"[MATE 341, MATE 116]"
MEDI 3410,ANESTESIOLOGIA,"[MEDI 3406, MEDI 3407, MEDI 3408, MEDI 3409, MEDI 3111, MEDI 2313, MEDI 2311, MEDI 2312]"
IMEC 3701,PROYECTO GRADO,"[IMEC 372, IMEC 3530, IMEC 2320, IELE 2300, IIND 2401, LENG 2999]"
ADMI 3109,PLANES DE NEGOCIOS,[ADMI 3110]
IMEC 3702,PROBLEMA ESPECIAL,[]
MINE 4201,SISTEMAS DE RECOMENDACIÓN,"[EX081, EXAL1]"
MBIO 1101,BIOLOGIA CELULAR-LAB,[]
MUSI 3502,COMPOSICION 3,"[MUSI 2505, MUSI 2211, MUSI 2202]"
BIOL 2309,ECOLOGIA-LAB,"[MBIO 2400, MBIO 2401]"
MDER 4303,TUTORIA III,"[MDER 4301, MDER 4302]"
EDUC 4028,SEMINARIO INVESTIGACIÓN-ACCIÓN,[EDUC 4025]
QUIM 1101,QUIMICA GENERAL,[]
DERE 3834,CJ-I CONCILIACION,[]
IMEC 1503C,COMPL.DISEÑO GRÁFICO INGEN,[]
ARQU 3858,PROY UI INTERDISC COLOMBIA,"[ARQU 2103, ARQU 2102, ARQU 2101, LENG 2999]"
MBIO 2310C,COMP.BIOLOG.MOLECULAR CELULA,"[MBIO 1101, MBIO 2103, MBIO 2102, MBIO 1100]"
IIND 2106C,REFUERZO PROBA Y ESTAD I,[]
MUSI 2200,PIANO COMPLEMENTARIO 4,[MUSI 1210]
MEDI 3538,INTERNADO SELECT. INVEST. 2,"[MEDI 3429, MEDI 3426, MEDI 3525, MEDI 3427, MEDI 3515, MEDI 3520, MEDI 3430, MEDI 3424, MEDI 3435, MEDI 3425, MEDI 3114, MEDI 3423, LENG 3999]"
MUSI 2403,CONJUNTO 5,[MUSI 2402]
ARTE 3114,PINTURA EXPERIMENTAL,[ARTE 2111]
PSIC 3892,BEYOND CBT,[LENG 2999]
IQUI 2104,LAB. FENOMENOS TRANSPORTE 2,[]
PSCL 4400,INVESTIGACIÓN DIRIGIDA,[PSIC 4104]
FISI 6974,PASANTIA III,[FISI 6973]
MUSI 2203,ENTREN AUDITIVO 4,[MUSI 1207]
ARTE 3201,ESPACIOS ELECTRONICOS,"[ARTE 1213, ARTE 1215]"
MUSI 2825,PIANO APLICADO 4 - 15,"[MUSI 2824, MUSI 2205, MUSI 2203]"
ECON 3626,INTR ECON URB Y DEL TRANSPORTE,"[ECON 2301, ECON 2102]"
MATE 1203,CALCULO DIFERENCIAL,[MATE 1201]
MATE 1207,CALCULO VECTORIAL,"[MATE 112, MATE 115]"
FISI 1049,LABORATORIO DE FISICA MODERNA,[FISI 1029]
HIST 6984,TUTORIAL DE INV. VI- DHIST,[HIST 6983]
QUIM 6961,PROYECTO DIRIGIDO,[QUIM 6981]
MUSI 2210,CONTRAPUNTO AVANZADO 1,[MUSI 2209]
ADMI 3431,MARKETING DIGITAL,[ADMI 2301]
CPOL 3200,SEM RELACIONES INTERNACIO,[CPOL 315]
QUIM 2314,QUIMICA ORGANICA III,[QUIM 2312]
FISI 6990,SUSTENTACIÓN DE TESIS,"[FISI 6971, LENG 6998]"
MUSI 2620,ACÚSTICA MUSICAL,[MUSI 2619]
FISI 4602,SEMINARIO 2 DE GEOFISICA,[FISI 4101]
MECU 4202,TUTORIA DE INVESTIGACION I,[MECU 4201]
IBIO 2240,PROGRAMACION CIENTIFICA,"[MATE 112, MATE 1105, ISIS 1204]"
MATE 4512,DINÁMICA ESTOCÁSTICA,"[MATE 382, MATE 286]"
LENG 1304,ALEMAN 4,[LENG 143]
BIOL 3907,"TRABAJO GRADO, MONOGR, PRAC.GR",[BIOL 3906]
IIND 2106,PROBABILIDAD Y ESTADÍSTICA I,"[MATE 115, MATE 1214]"
MEDI 3112,SISTEMAS DE SALUD II,"[MEDI 3406, MEDI 3407, MEDI 3408, MEDI 3409, MEDI 3111, MEDI 2313, MEDI 2311, MEDI 2312]"
LENG 2211,FRANCES 5,[LENG 174]
ARQU 3830,ANÁLISIS UI FORMA,"[ARQU 2103, ARQU 2102, ARQU 2101, LENG 2999]"
MEDI 1209,HISTOLOGIA,"[MBIO 1100, QUIM 1301, QUIM 1302]"
ARQU 3820,TEORIA UI FORMA,"[ARQU 2103, ARQU 2102, ARQU 2101, LENG 2999]"
ISIS 3510,CONSTR. APLICACIONES MÓVILES,"[ESPA 2999, MATE 1207, MATE 1108, ISIS 3204, FISI 1021, FISI 1020, ISIS 1105, ISIS 1106, ISIS 2503, DERE 1300, ISIS 1206, LENG 2999]"
BIOL 2201,GENETICA-LAB,"[MBIO 2103, MBIO 2102]"
MGEO 4503,EJERCICIO ESCRITO,[MGEO 4100]
DISE 3152,E6: PROD. Y SERVICIOS MÉDICOS,"[DISE 1000, DISE 2102]"
MBIT 4210,TI PARA SECTOR PÚBLICO,[EXAL1]
CPOL 6975,EX AREA MAYOR-POL COLOMBIANA,"[CPOL 4103, CPOL 4101, CPOL 6510]"
MUSI 3601,TALLER DE GRABACION 2,[MUSI 2608]
IQUI 2023,LAB. TERMODINAMICA,[]
ISIS 2304,SISTEMAS TRANSACCIONALES,[ISIS 1206]
ISIS 3710,PROGR CON TECNOLOGIAS WEB,"[ESPA 2999, ISIS 2102, MATE 1207, MATE 1108, FISI 1021, FISI 1020, ISIS 1105, ISIS 1304, ISIS 2503, ISIS 1206, DERE 1300, LENG 2999]"
ARQU 1121,TALLER DE COMPOSICION 2,"[ARQU 1111, ARQU 1503]"
MUSI 2608,TALLER DE GRABACION 1,"[MUSI 1610, MUSI 2612]"
ARTE 2205,COMPOSICION EN MOVIMIENTO,[ARTE 1201]
MATE 6986,PRETESIS 6,[MATE 6985]
MATE 1252,CALCULO INTEGRAL-PROBABILIDAD,[MATE 1203]
MUSI 3606,PRODUCCION MUSICAL 1,"[MUSI 3604, MUSI 1602, MUSI 3611]"
ICYA 3203,GERENCIA PROY CONSTRUCCION,"[ICYA 1125, ICYA 1113, ICYA 1117, MATE 1207, QUIM 1101, GEOC 1002, IIND 2401, FISI 1029, FISI 1028, ISIS 1204, LENG 1501, DERE 1300, LENG 2999, ICYA 1122]"
CPOL 6972,EX AREA MAYOR-RELACIONES INTER,"[CPOL 4103, CPOL 4101, CPOL 6510]"
GEOC 2029,LAB MINER. FORMADORES DE ROCAS,"[GEOC 1023, QUIM 1101]"
MUSI 2408,CONJUNTO CUERDAS,[MUSI 1404]
IMEC 2210,MECANICA FLUIDOS,"[FISI 125, IMEC 1330, MATE 114]"
IQUI 2091,TALLER PMC,[]
MBIT 4206,INTEGRACIÓN SIST. INFORMAC.,[EXAL1]
QUIM 3221,NANOCIENCIAS PARA QUÍMICOS,"[QUIM 1310, QUIM 1212]"
LENG 1102,INGLÉS 2,[LENG 1101]
ARTE 3602,ANTEPROYECTO NUEVO,"[DERE 1300, LENG 2999]"
MBIT 4303,TESIS 2,"[LENG 4999, MBIT 4302]"
ARTI 4203,ARQUITECTURA DE INFRAESTRUCTUR,"[EX081, EXAL1]"
PSIC 2504,PSICOL SOCIAL EXPERIM,[PSIC 1402]
DADM 6990,SUSTENTACION DISERTACION,[DADM 6984]
MUSI 3613,ACUSTICA,[MUSI 2602]
QUIM 1111,QUIMICA EXPERIMENTAL,[]
ARTE 2119,DIBUJO Y ESPACIO,[ARTE 1101]
FISI 3472,OPTICA CUANTICA (TEO. Y PRACT),[]
DISE 3150,ESTUDIO 7: BIODESIGN CHALLENGE,"[DISE 1000, DISE 3123, DISE 2102, LENG 2999]"
IBIO 2250,FENÓMENOS DE TRANSPORTE BIOLÓG,"[FISI 1028, MATE 1207, MBIO 1100, IBIO 2240, MEDI 1211]"
MEDI 3414,BITACORA CLINICA II,"[MEDI 3406, MEDI 3407, MEDI 3408, MEDI 3409, MEDI 3111, MEDI 2313, MEDI 2311, MEDI 2312]"
MBIO 3600,FITOPATOLOGIA-TEO,"[MBIO 2303, MBIO 2302, LENG 2999]"
IELE 2009,COMPUTACION CIENTIFICA EN IEE,"[IELE 1502, ISIS 1204]"
IQUI 2021C,COMPL. EQUILIBRIO,[]
MUSI 1603,TECLADO 4,[MUSI 1602]
DECA 1102,PRACTICA SOCIAL 2,[DECA 1101]
LENG 3931,SEMINARIO DOCENCIA 2,"[LENG 3000, LENG 2907]"
DISE 2101,ESTUDIO 4,"[DISE 1000, DISE 2100]"
IIND 2202C,COMPL. FUNDAMENTOS PRODUCCIÓN,[]
MUSI 2213,MORFOLOGIA 2,[MUSI 2212]
ECON 6402,SEMINARIO INVESTIGACION 2 DOC,[ECON 6401]
RJUR 5584,DERECHO TRIBUTARIO ESPECIAL II,[RJUR 5582]
GEOC 3069,LAB.SENSORE REMOTOS SIG Y GPS,[GEOC 3019]
ICYA 3308,INGENIERIA DE PAVIMENTOS,"[ICYA 1125, ICYA 1113, ICYA 2304, ICYA 1117, MATE 1207, QUIM 1101, GEOC 1002, FISI 1029, FISI 1028, ISIS 1204, LENG 1501, DERE 1300, LENG 2999, ICYA 1122]"
MATE 1215,CALC. INTEGR-ECUAC.DIFER (HON),[MATE 111]
BIOL 2302,INVERTEBRADOS-TEO,"[MBIO 1101, MBIO 1100, BIOL 1300, BIOL 1301]"
IELE 3206,INSTRUMENTACION ELECTRONICA,"[MBIO 1100, IELE 2204, LENG 2999]"
FISI 6988,TESIS VIII,[FISI 6987]
IMEC 2700,PROYECTO INTERMEDIO,"[ISIS 115, IMEC 2540, IMEC 2330, IMEC 1520, IELE 1002, IMEC 2411]"
GEOC 3050,SEMINARIO DE GEOCIENCIAS,"[GEOC 3028, GEOC 2040]"
IQUI 3042,TALLER DE OPTIMIZACION,[]
LENG 2228,GRAMMAIRE EN CONTEXTE,[LENG 1225]
MUSI 2414,INSTRUMENTO 4 - 15,[MUSI 1417]
IIND 2107,PROBABILIDAD Y ESTADISTICA II,"[MATE 130, IIND 2106]"
MATE 3101,ALGEBRA ABSTRACTA 2,[MATE 367]
MATE 6981,PRETESIS 2,[MATE 6980]
LENG 1117,INGLES 2 - LENGUAS Y CULTURA,[LENG 1116]
DISE 2307,PRODUCTO 2,[DISE 2300]
LENG 1204,FRANCÉS 4,[LENG 173]
ARQU 2102,PROYECTO TECTONICA,"[ARQU 1121, DISE 1000]"
DISE 2358,COMUNICACIÓN 3,[DISE 2351]
MUSI 1202,ARMONIA 1,[MUS070.0]
ICYA 3408,TRATAMIENTO AGUAS RESIDUALES,"[ICYA 1113, ICYA 2406, ICYA 2407, MATE 1207, GEOC 1002, FISI 1029, FISI 1028, BIOL 1327, MBIO 1100, ISIS 1204, LENG 1501, DERE 1300, ICYA 1110, ICYA 1101A, LENG 2999]"
PSIC 2707,DISEÑO Y ANÁLISIS DE INV. 2,[PSIC 2706]
ECON 4666,MACROECONOMIA FINANCIERA,"[ECON 2202, ECON 2102, ECON 3301]"
FISI 2007,METODOS MATEMATICOS,"[FISI 1038, MATE 2301]"
IIND 3113C,REFUERZO SIMULA. EVENT.DISCRET,[]
DISE 1106,ESTUDIO 1,[]
MEDI 3541,INTERNADO SELECTIVO AT. PRI. 3,"[MEDI 3429, MEDI 3426, MEDI 3525, MEDI 3427, MEDI 3515, MEDI 3520, MEDI 3430, MEDI 3424, MEDI 3435, MEDI 3425, MEDI 3114, MEDI 3423, LENG 3999]"
DERE 3615,CONCURSO ELSA WTO MOOT COURT,[DERE 3614]
MEDI 1105,EPIDEMIOLOGIA,"[MEDI 1999, MATE 1507, MEDI 1104, MEDI 1103]"
MUSI 2502,INSTRUMENTACION 1,"[MUSI 1209, MUSI 1203]"
IIND 3311C,COMPL. ESTRAT. ORGANIZACIONAL,[]
ARQU 3913,PROYECTO UNIDAD AVANZADA GRP4,"[LENG 2999, UNIT1]"
IMEC 2543L,LAB DINAMICA DE MAQUINARIA,[]
ECON 6988,INVESTIGACION TESIS DOCTORAL 9,[ECON 6987]
FISI 6972,EXAMEN DE CANDIDATURA,[FISI 6970]
LENG 2311,ALEMAN 5,[LENG 1304]
MATE 2210,CALC VARIABLE COMPL (INGENIER),[]
MBIT 4207,NEGOCIO PRODUCCIÓN OPERACIÓN,[EXAL1]
PSIC 3869,NEUROCIENCIAS COGNITIVAS,[LENG 2999]
MUSI 1910,CANTO 1,[MUS070.0]
ICYA 4422,ANALISIS AVANZADO ESTRUCTURAS,[( (ICYA 1113]
CBIO 6981,TESIS DOCTORADO 2,[CBIO 6980]
ECON 4651,APLIC EMPIR EN ECON POLITICA,[ECON 218]
ARQU 3853,ANALISIS UI ARQU Y BELLEZA,"[ARQU 2103, ARQU 2102, ARQU 2101, LENG 2999]"
IIND 3301,SISTEMAS PUBLICOS,"[FISI 1029, MATE 130, LENG 1501, ISIS 121, LENG 000, DERE 1300, FISI 1030]"
MISO 4303,TESIS II,"[MISO 4302, LENG 4999]"
MGPD 4430,TRABAJO DE CAMPO II,[MGPD 4422]
MUSI 2619,TECNOLOGÍA DEL AUDIO 2,[MUSI 2613]
MUSI 3501,ORQUESTACION 2,[MUSI 3500]
MATE 3993,PRACTICA EMPRESARIAL 1 (TC),[MATE 3420]
PSIC 2503,PSICOLOGÍA SOCIAL CRÍTICA,[PSIC 1402]
ANTR 3103,TEORIAS ANTROPOL.CONTEMPOR.,"[ANTR 2103, ANTR 3101, LENG 2999]"
ANTR 3600,OPCION GRADO MATERIAS MAESTRIA,[LENG 2999]
ANTR 3183,TRABAJO DIRIG ANTR BIOLOGICA,[LENG 2999]
BIOL 3303,FISIOLOGIA VEGETAL-LAB,"[BIOL 2304, BIOL 2305, LENG 2999]"
PSIC 3800,PSICOLOGIA APLICADA,[LENG 2999]
ECON 4662,INTRO ANALIS ESPACIAL DE DATOS,[ECON 223]
FISI 3101,SEMINARIO DE ALTAS ENERGIAS,[FISI 330]
IELE 3108,TALLER DE SISTEMAS DE POTENCIA,"[MATE 1207, MBIO 1100, IELE 1002, IELE 1200, DERE 1300, IELE 2100, MATE 2230, LENG 2999]"
MUSI 2302,DIRECCION CORAL 1,[MUSI 2301]
MUSI 2822,PIANO APLICADO 1 - 15,"[MUSI 1206, MUSI 1203]"
ISIS 4001,TESIS II,"[ISIS 4000, LENG 4999]"
MSIN 4005,INTERCAMBIO INTERNACIONAL,[EX081]
BIOL 3200,GENETICA EVOLUTIVA-TEO,"[BIOL 2201, BIOL 2200, BIOL 2203, BIOL 2202, LENG 2999]"
FISI 6976,PASANTIA V,[FISI 6975]
LENG 2114,INGLES 4 - LENGUAS Y CULTURA,"[LENG 1120, LENG 1119, LENG 1118]"
MBIO 3502,MICROBIOLOGIA MEDICA-TEO,[]
MATE 4426,GRUPOS DE LIE,"[MATE 367, MATE 3410]"
LENG 1101,INGLÉS 1,[INGL1]
DISE 2132,ESTUDIO 5: DESARROLLO,"[DISE 2101, DISE 1000]"
HIST 3101,MONOGRAFIA DE GRADO,[HIST 290]
IMEC 3345L,LAB DE SIST DE CONV DE ENERGIA,[]
MEDI 2000,REQUISITO DE VACUNAS 5° SEM,"[ESPA 2999, MEDI 1216, MEDI 1106, MEDI 1215, MEDI 1105, MBIO 2103, MBIO 2102, MBIO 2101, MBIO 2100, FISI 1023, MEDI 1210, FISI 1022, MEDI 1212, MEDI 1211, MEDI 1214, LENG 2999]"
ECON 3704,DERIVADOS FINANCIEROS,"[ECON 3301, ECON 2102]"
MUSI 3303,CONCIERTO GRADO,"[MUSI 2206, MUSI 3301, MUSI 2202, MUSI 2213]"
ISIS 4820,AMBIENTES INTERACTIVOS 3D,[EXAL1]
ANTR 2201,ARQUEOLOGIA COMPARADA,[ANTR 1201]
ARTE 2113,PINTURA Y ESPACIO,[ARTE 1117]
MIIA 4005,TRABAJO PRÁCTICO DE GRADO 2,[MIIA 4001]
MUSI 1209,PIANO COMPLEMENTARIO 2,[MUSI 1208]
FILO 2110,HEGEL,[FILO 215B]
MPER 4401,GENEROS PERIODISTICOS 2,[MPER 4400]
IBIO 4780,TESIS I,[IBIO 4770]
ECON 3747,ECON DEL COMPORTAMIENTO Y EXPE,"[ECON 2101, ECON 2301]"
IQUI 2102,FENOMENOS DE TRANSPORTE 2,"[IQUI 2020, IQUI 2101]"
MUSI 3405,INSTRUMENTO 10,[MUSI 3404]
MUSI 1208,PIANO COMPLEMENTARIO 1,[MUS070.0]
ICYA 3078C,COMPL PROY FINL DISEÑO ING CIV,[]
MBIO 2303,BIOLOGIA DE HONGOS-LAB,"[MBIO 1101, MBIO 1100, BIOL 1300, BIOL 1301]"
FISI 3708,MAGNETISMO Y MATERIALES MAG.,"[FISI 2432, FISI 3010]"
MADM 4206,GERENCIA FINANCIERA,"[MADM 4250, MADM 4005]"
QUIM 6988,TESIS 8 (DOCTORADO),[QUIM 6987]
DISE 3147,E6: MODA INDUSTRIA CREATIVA,"[DISE 1000, DISE 2102]"
PSIC 3815,SEM.OPCIÓN GRADO PROFESIONAL,"[PSIC 3800, PSIC 2602, PSIC 3961, PSIC 3962, LENG 2999]"
EDUC 4206,TESIS 1,"[EDUC 4025, EDUC 4017, LENG 4999, REDU1]"
ANTR 3177,SEM. ELECTIVO HOMOLOGADO 1,[LENG 2999]
HIST 6990,SUSTENTACIÓN DE TESIS,[]
MUSI 2818,LITERATURA VOCAL 5,"[MUSI 1901, MUSI 2817, MUSI 2810, MUSI 1902)]"
ARQU 3910,PROYECTO UNIDAD AVANZADA,"[LENG 2999, UNIT1]"
IQUI 2200L,TALLER DISEÑO EXPERIMENTAL,[]
MBIT 4103,FORMACIÓN DIRECTIVOS TI,[EXAL1]
ARQU 3859,ANALISIS UI INTERDISC COLOMBIA,"[ARQU 2103, ARQU 2102, ARQU 2101, LENG 2999]"
IMEC 3530C,COMPL.DISEÑO SIST MECANICOS,[]
EMAT 4805,ANÁLISIS DE ACTUACIÓN,"[EMAT 4804, EMAT 4803]"
IELE 4020,TESIS I,"[LENG 4999, IELE 4000]"
QUIM 4250,QUIMICA ORGANICA - INORGANICA,"[QUIM 3214, QUIM 2314]"
IBIO 4401,BIOLOGIA AVANZADA,[MBIO 1100]
ADMI 2107,GERENCIA DE RECURSOS HUMANOS,[ADMI 1603]
MEDI 1208,EMBRIOLOGIA,"[MBIO 1100, QUIM 1301, QUIM 1302]"
MATE 3121,LOGICA 2,[MATE 361]
ICYA 4217,TESIS 1 MIAMB,[ICYA 4216]
ANTR 3179,SEM. ELECTIVO HOMOLOGADO 3,[LENG 2999]
DDER 6403,TUTORIA 3,[DDER 6402]
FISI 3010,MECANICA CUANTICA I,"[FISI 2405, FISI 1048, FISI 2430]"
MEDI 1212,INMUNOLOGIA,"[MEDI 1999, MEDI 1209, MEDI 1208, MEDI 1200]"
ARTI 4103,ARQUITECTURA DE NEGOCIO Y TI,"[EXAL1, EX121]"
EGOB 4111,ANALISIS DE PROBLEMAS COLOMBIA,[]
MUSI 3503,COMPOSICION 4,"[MUSI 3502, MUSI 3500]"
MEDI 3417,MEDICINA LEGAL Y CIENCIA FORE.,"[MEDI 3415, MEDI 3112, MEDI 3410, MEDI 3413, MEDI 3414, MEDI 3411, MEDI 3412]"
ANTR 2101,ETNOLOGIA DE COLOMBIA,[ANTR 1101]
MIAD 4970,EXAMENES COMPREHENSIVOS,"[MIAD 4107, MIAD 4103, MIAD 4102, MIAD 4105, MIAD 4104, MIAD 4101, MIAD 4100]"
IMEC 2520,MECÁNICA SÓLIDOS DEFORMABLES,"[MATE 115, IMEC 1410, ICIV 111]"
IMEC 3530,DISEÑO DE SISTEMAS MECANICOS,"[IMEC 2541, IMEC 2700, MATE 2301, IELE 2300, IIND 2106, IIND 2401]"
HIST 3600,OPCION GRADO MATERIAS MAESTRIA,[HIST 3103]
MATE 4157,INT. REPRESENT. GRUPOS FINITOS,[MATE 367]
MEDI 3416,GINECOLOGIA Y OBSTETRICIA,"[MEDI 3415, MEDI 3112, MEDI 3410, MEDI 3413, MEDI 3414, MEDI 3411, MEDI 3412]"
ICYA 3601,EVALUACION Y AUDITOR.AMBIENTAL,"[ICYA 1113, MATE 1207, GEOC 1002, FISI 1029, FISI 1028, BIOL 1327, MBIO 1100, ISIS 1204, LENG 1501, DERE 1300, ICYA 1110, ICYA 1101A, LENG 2999]"
IIND 4337,SIMUL.BASADA AGENTES (SIMBA),[( (MATE 130]
MEDI 3532,INTERNADO SELECTIVO HOS. CL. 1,"[MEDI 3429, MEDI 3426, MEDI 3525, MEDI 3427, MEDI 3515, MEDI 3520, MEDI 3430, MEDI 3424, MEDI 3435, MEDI 3425, MEDI 3114, MEDI 3423, LENG 3999]"
MUSI 2505,COMPOSICION 2,"[MUSI 2504, MUSI 2201, MUSI 2210, MUSI 2502, MUSI 2213]"
GEOC 2018,GEOQUÍMICA,"[QUIM 1101, GEOC 1022, QUIM 1102]"
IELE 3000,SEMINARIO PROYECTO DE GRADO,"[IELE 1999, LENG 2999]"
QUIM 4350,ESTEREOQUÍMICA Y SELECTIVIDAD,[QUIM 2312]
ICYA 3306,SISTEMAS DE TRANSPORTE,"[ICYA 1125, ICYA 1113, ICYA 1117, MATE 1207, QUIM 1101, GEOC 1002, IIND 2106, FISI 1029, FISI 1028, ISIS 1204, LENG 1501, DERE 1300, LENG 2999, ICYA 1122]"
ANTR 3193,DISEÑO DE MONOGRAFIA,[LENG 2999]
CPOL 2244,ENFOQUES CONCEPTUALES RRII,[CPOL 1200]
ARQU 3862,ANALISIS UI ARQU DEL PAISAJE,"[ARQU 2103, ARQU 2102, ARQU 2101, LENG 2999]"
QUIM 1212,QUIMICA INORGANICA II,[QUIM 1210]
MEDI 3539,INTERNADO SELECT. SALUD PÚB. 2,"[MEDI 3429, MEDI 3426, MEDI 3525, MEDI 3427, MEDI 3515, MEDI 3520, MEDI 3430, MEDI 3424, MEDI 3435, MEDI 3425, MEDI 3114, MEDI 3423, LENG 3999]"
CPOL 6976,EX AREA MENOR-RELACIONES INTER,"[CPOL 4103, CPOL 4101, CPOL 6510]"
MEDI 3536,INTERN. SELECT. ATENC. PRIMAR2,"[MEDI 3429, MEDI 3426, MEDI 3525, MEDI 3427, MEDI 3515, MEDI 3520, MEDI 3430, MEDI 3424, MEDI 3435, MEDI 3425, MEDI 3114, MEDI 3423, LENG 3999]"
DDER 6404,TUTORIA 4,[DDER 6403]
MISO 4205,MEJORAMIENTO EXPERIENCIA USUAR,[EXAL1]
LENG 2117,ADVANCED EFFECTIVE SPEAKING,[LENG 2114]
PSIC 3832,TOPICOS EN LA HIST. DE LA PSIC,[LENG 000]
PSCL 4106,PRÁCTICA CLÍNICA SUPERV. II,"[PSIC 4605, PSIC 4609]"
MUSI 1205,ENTREN AUDITIVO 1,[MUS070.0]
CBIO 6980,TESIS DOCTORADO 1,"[CBIO 6903, CBIO 6970]"
GEOC 3102,YACIMIENTOS MINERALES (L),"[GEOC 3029, GEOC 3028]"
ICYA 6962,PROYECTO DIRIGIDO 2,[ICYA 6961]
ICYA 4306,ASPECTOS LEGALES CONSTRUC.,[( (ICYA 1113]
MATE 4904,TRABAJO DE GRADO,[MATE 490]
ARQU 3823,TEORIA UI URBANO,"[ARQU 2103, ARQU 2102, ARQU 2101, LENG 2999]"
FISI 2350,FISICA ATOMICA,[FISI 145]
IIND 2103C,REFUERZO PRINCIPIOS OPTIMIZAC.,[]
IIND 2104C,REFUERZO MODELOS PROBABILISTIC,[]
ISIS 1206L,LAB. ESTRUCTURAS DATOS,[ISIS 1205]
PSIC 1205,PRINCIPIOS DE NEUROCIENCIAS 2,[PSIC 1204]
ICYA 2001,MODELACION Y ANALISIS NUMERICO,"[MATE 1207, ISIS 1204]"
DERE 3608,CONCURSO DERECHOS HUMANOS,[DERE 3605]
EDUC 6022,INVESTIGACIÓN DOCTORAL III,[EDUC 6014]
MUSI 1401,INSTRUMENTO COMPL.2,[MUSI 1400]
FILO 6961,TUTORIAL DE PROYECTO 2,[FILO 6000]
ICYA 3702,RESIDUOS SOLIDOS,"[ICYA 1113, MATE 1207, GEOC 1002, FISI 1029, FISI 1028, BIOL 1327, MBIO 1100, ISIS 1204, LENG 1501, DERE 1300, ICYA 1110, ICYA 1101A, LENG 2999]"
ADMI 2206,COMPORTAMIENTO DEL CONSUMIDOR,[ADMI 2301]
ECON 2105,TEORIA DE JUEGOS,"[MATE 1506, ECON 2101]"
GEOC 3118,PALAEONTOLOGY MARINE REPTILES,[GEOC 2048]
FISI 6981,TESIS I,[FISI 6972]
MEDI 2309,SISTEMA NERVIOSO,"[MEDI 2108, MEDI 2306, MEDI 2304, MEDI 2107, MEDI 2305, MEDI 2000, MEDI 2303, MEDI 2300, MEDI 3400, MEDI 2301]"
BIOL 3911,PRACTICA DE GRADO,[BIOL 3906]
ECON 4301,ECONOMETRIA AVANZADA,"[ECON 204, MATE 2710, ECON 208, ECON 218]"
ECON 6984,INVESTIGACION TESIS DOCTORAL 5,[ECON 6983]
MEDI 3537,INTERNADO SELECTIVO HOS. CL. 2,"[MEDI 3429, MEDI 3426, MEDI 3525, MEDI 3427, MEDI 3515, MEDI 3520, MEDI 3430, MEDI 3424, MEDI 3435, MEDI 3425, MEDI 3114, MEDI 3423, LENG 3999]"
LENG 1328,PHONETIK UND MÜNDLICHER AUSDRU,[LENG 1302]
ANTR 3170,SEM.LA PAZ EN PLURAL,[LENG 2999]
MMER 4309,INVESTIGACIÓN DE MERCADOS II,[MADM 4315]
MFIN 4204,ECONOMETRÍA,[MADM 4006]
MATE 3131,TEORIA DESCRIPTIVA DE CONJUNTO,"[MATE 341, MATE 367]"
QUIM 4400,BIOQUIMICA - FITOQUIMICA,"[QUIM 3214, QUIM 3401]"
MEDI 3527,MODULO SELECTIVO II HOS. CL. 3,"[MEDI 3417, MEDI 3418, MEDI 3416, MEDI 3419, MEDI 3420, MEDI 3113, MEDI 3422, MEDI 3434, MEDI 3500]"
ARTI 4208,ARQUITECTURAS NUEVA GENERACIÓN,"[EXAL1, EX121]"
MGEO 4502,TRABAJO DE GRADO,[MGEO 4501]
MEDI 2110,SEMI.II Y AT. PRI. A LA COMU.,"[MEDI 2108, MEDI 2306, MEDI 2304, MEDI 2107, MEDI 2305, MEDI 2000, MEDI 2303, MEDI 2300, MEDI 3400, MEDI 2301]"
MATE 3415,GEOMETRIA LORENTZIANA,[MATE 344]
MEDI 3518,MODULO SELECTIVO II INVESTI. 1,"[MEDI 3417, MEDI 3418, MEDI 3416, MEDI 3419, MEDI 3420, MEDI 3113, MEDI 3422, MEDI 3434, MEDI 3500]"
QUIM 6990,SUSTENTACIÓN DE TESIS,[LENG 6998]
ADMI 3107,CONSULTORIA,"[ADMI 2605B, ADMI 2204, ADMI 2402, ADMI 2206]"
LENG 6993,INGLES DOCTORADOS 3,[INGD3]
MUSI 1203,ARMONIA 2,[MUSI 1202]
IIND 3400,FINANZAS,"[FISI 1029, MATE 130, LENG 1501, ISIS 121, DERE 1300, LENG 000, IIND 2401, FISI 1030]"
LENG 3995,SEMINARIO DE GRADO,[LENG 3000]
PSIC 3811,PRÁCTICA 1 06,"[PSIC 3800, PSIC 2602, PSIC 3961, PSIC 3962, LENG 2999]"
MUSI 2406,INSTRUMENTO 6,[MUSI 2405]
MBIO 1100,BIOLOGIA CELULAR-TEO,[]
MUSI 2400,CONJUNTO 2,[MUSI 1404]
FISI 1013,LABORATORIO DE FISICA BASICA 1,[FISI 161]
MATE 3420,TOPOLOGIA 1,[MATE 341]
QUIM 6984,TESIS 4 (DOCTORADO),[QUIM 6983]
PSIC 3961,PSICOPATOLOGIA,"[(PSIC 2313, LENG 2999, PSIC 2312]"
ADMI 3200,OPCION DE GRADO,"[ADMI 1603, ADMI 2302, ADMI 2204, ADMI 3502, ADMI 2403, ADMI 1203]"
FISI 1003,COLOQUIO 1 DE FISICA,[FISI 1028]
ADMI 3405,SISTEMAS INFORMACION GERENCIAL,[LENG 2999]
ICYA 4126,ANÁLISIS RIESGO QUIM. MICROBIO,[( (ICYA 1113]
ICYA 4803,PLANEACIÓN DE TRANSPORTE,[( (ICYA 1113]
MEDI 2305,SISTEMA ENDOCRINOLOGICO,"[ESPA 2999, MEDI 1216, MEDI 1106, MEDI 1215, MEDI 1105, MBIO 2103, MBIO 2102, MBIO 2101, MBIO 2100, FISI 1023, MEDI 1210, FISI 1022, MEDI 1212, MEDI 1211, MEDI 1214, LENG 2999]"
IIND 3222,PRODUCTO INDUSTRIAL,"[FISI 1029, MATE 130, LENG 1501, ISIS 121, LENG 000, DERE 1300, FISI 1030]"
MATE 6989,TESIS,[MATE 6982]
MUSI 2208,CONTRAPUNTO 1,[MUSI 1204]
LENG 1702,PORTUGUES 2,[LENG 081]
MUSI 3407,RECITAL GRADO CANTO,"[MUSI 3814, MUSI 2805, MUSI 2809, MUSI 3811, MUSI 2205]"
IQUI 1002,LAB. INTRODUCCION ING. QUIMICA,[]
CIDE 4133,AVANCE TRABAJO DE GRADO,"[CIDE 4100, CIDE 4128]"
MEDI 3440,INTERNADO OBLIGATORIO PEDIAT.,"[MEDI 3429, MEDI 3426, MEDI 3525, MEDI 3427, MEDI 3515, MEDI 3520, MEDI 3430, MEDI 3424, MEDI 3435, MEDI 3425, MEDI 3114, MEDI 3423, LENG 3999]"
ECON 6981,INVESTIGACION TESIS DOCTORAL 2,[ECON 6980]
LENG 1464,CONVERSA Y ESCRIT EN JAPONÉS 4,[LENG 1403]
MATE 2201,ANALISIS 1,"[MATE 360B, MATE 114]"
MUSI 2823,PIANO APLICADO 2 - 15,"[MUSI 1207, MUSI 2822, MUSI 2212, MUSI 1204]"
CPOL 3005,INVESTIGACION PROFESORAL,[CPOL 3500]
MEDI 2311,SISTEMA MUCOCUTANEO,"[MEDI 2109, MEDI 2307, MEDI 2308, MEDI 2309, MEDI 2310, MEDI 2110, MEDI 3403]"
MUSI 2204,ENTREN AUDITIVO 5,[MUSI 2203]
MBIO 2401,BIOESTADISTICA-LAB,[MATE 1507]
LITE 3903,ASISTENCIA DE INVESTIGACIÓN,"[LITE 310, LITE 2101, LITE 3100, LITE 2400]"
IQUI 2010C,COMPL. FUND PROC. INDUSTRIALES,[]
MIAD 4982,SEM. INVESTIGACIÓN I PHD,[MIAD 4107]
QUIM 4165,SEMINARIO II,[QUIM 4150]
EGOB 4112,PROYECTO DE GRADO I,"[EGOB 4104, EGOB 4105, EGOB 4106, EGOB 4117, EGOB 4103, EGOB 4109]"
MEDI 3521,MODULO SELECTIVO II AT. PRI. 2,"[MEDI 3417, MEDI 3418, MEDI 3416, MEDI 3419, MEDI 3420, MEDI 3113, MEDI 3422, MEDI 3434, MEDI 3500]"
PSIC 3863,PROBLE. INFANTILES-JUEVENILES,[LENG 2999]
ADMI 2557,HERRAMIENTAS TOMA DECI II,[MATE 1505]
FISI 4702,SEMINARIO 2 MATERIA CONDENSADA,[FISI 4101]
ARQU 3851,TEORIA UI TECTONICA Y ESTRUC,"[ARQU 2103, ARQU 2102, ARQU 2101, LENG 2999]"
ANTR 3990,INSCRIPCION A GRADO,[LENG 2999]
ICYA 2407,MICROBIOLOGIA AMBIENTAL,[ICYA 2101]
LENG 3238,PROBLÉMATIQUE INTERCULTURELLE,"[LENG 2212, LENG 2226]"
IELE 2300,ANALISIS DE SISTEMS DE CONTROL,"[FISI 1028, MATE 1207]"
ICYA 4212,PROPUESTA TESIS MICIV,[]
ICYA 4293,PROYECTO GRADO ESTRUCTURAS,"[ICYA 4215, LENG 4999]"
ADMI 2204,DECISIONES DE INVERSION,[ADMI 1203]
CBIO 6987,TESIS DOCTORADO 8,[CBIO 6986]
LENG 1104,INGLÉS 4,[LENG 1103]
ICYA 2412,MECÁNICA DE FLUIDOS AMBIENTAL,"[FISI 1009, MATE 1214]"
MEDI 3515,MODULO SELECTIVO II ADMINIS. 1,"[MEDI 3417, MEDI 3418, MEDI 3416, MEDI 3419, MEDI 3420, MEDI 3113, MEDI 3422, MEDI 3434, MEDI 3500]"
LENG 6991,INGLES DOCTORADOS 1,[INGD1]
DECA 1103,PRACTICA SOCIAL 3,[DECA 1102]
PSCL 4112,REVISTA DE CASOS CLÍNICOS IV,[PSCL 4111]
QUIM 2622,QUIMICA ANALITICA II,[QUIM 3601]
PSIC 3708,INVES.DIRIGIDA 2.,[LENG 2999]
ICYA 4318,CONSTRUCCIÓN SOSTENIBLE: HERRA,[( (ICYA 1113]
IIND 3006,PROYECTO INTERMEDIO,"[FISI 1029, MATE 130, IIND 2109, LENG 1501, LENG 000, DERE 1300, FISI 1030]"
EDUC 6007,COLOQUIO DE INVESTIGACION III,[EDUC 6005]
IIND 4305,SEMINARIO DE COMPLEJIDAD,[( (MATE 130]
ARQU 3852,PROY UI ARQU Y BELLEZA,"[ARQU 2103, ARQU 2102, ARQU 2101, LENG 2999]"
ICYA 4812,GEOMÁTICA PLANEAC.SOSTENIBLE,"[ICYA 2402, ICYA 1113, ICYA 2401, GEOC 1002, ( ( (QUIM 1101, IIND 2106, IIND 2401, FISI 1029, FISI 1028, LENG 1501, DERE 1300, ICYA 2001, LENG 2999]"
HART 1201,PENSAR LA HISTORIA DE ARTE,[ARTE 1301]
IQUI 3104,CIENC. QUIM. Y BIOL. APLICADAS,[IQUI 2102]
ARTE 1115,TALLER DE ILUMINACION,[ARTE 1105]
MBIO 2501,INMUNOLOGIA-LAB,"[BIOL 2308, BIOL 2309, LENG 2999]"
ECON 3727,SEM POL. DE DESARROLLO Y ELCA.,[ECON 3301]
FISI 6113,SEMINARIO AVANZADO 3,[FISI 6112]
IIND 4100,MODELOS ESTADIST.LINEALES,[( (MATE 130]
ARTE 2210,INSTALACION AUDIOVISUAL,[ARTE 1215]
ARQU 3849,PROY UI TECTONICA Y ESTRUCTURA,"[ARQU 2103, ARQU 2102, ARQU 2101, LENG 2999]"
CBIO 4913,TESIS MAESTRIA 2,[CBIO 4912]
ICYA 4301,ADMON PROYECTO CONSTRUC,[( (ICYA 1113]
FISI 4405,MECANICA ANALITICA,[FISI 330]
LITE 3905,SEM.TRABAJO-GRADO EN CREACIÓN,"[LITE 2101, LITE 3100, LITE 2100, LITE 2400]"
ICYA 2304,FUNDAMENTOS DE GEOTECNIA,[ICYA 1117]
MUSI 2809,TALLER LÍRICO 5,[MUSI 2808]
ECON 4645,REGULACION Y COMPETENCIA,[ECON 4101]
ARTI 4108,POWER PEOPLE,[EXAL1]
DERE 3805,PRACTICA DE GRADO,[DERE 3905]
MATE 3902,PROYECTO DE GRADO,[MATE 398]
MBIO 2305,PARASITOLOGIA-LAB,"[BIOL 1300, BIOL 1301]"
EDUC 6021,EVAL.IMPACTO EDUC.Y CIENC.SOC.,[EDUC 4026]
MATE 1212,MATEMATICAS 1 (BIO-MED),[MATE 1201]
MEDI 3424,NEUROLOGIA,"[MEDI 3417, MEDI 3418, MEDI 3416, MEDI 3419, MEDI 3420, MEDI 3113, MEDI 3422, MEDI 3434, MEDI 3500]"
ARTE 2112,PINTURA Y OBJETO,[ARTE 1117]
ISIS 1104,MATEMÁTICA ESTRUCTURAL Y LÓGIC,[ISIS 1204]
ECON 4649,SEM MINERIA DATOSYAPLICACIONES,"[MATE 240, ECON 218]"
LENG 1120,EFFECTIVE SPEAKING,"[LENG 1117, LENG 2999]"
MATE 4120,LOGICA MATEMATICA,[MATE 361]
ARQU 3828,PROYECTO UI ARQU URBANA,"[ARQU 2103, ARQU 2102, ARQU 2101, LENG 2999]"
ECON 2203C,COMPL INTRODUCCIÓN A LA MACRO,[]
MEDI 3531,INTERNADO SELECTIVO AT. PRI.1,"[MEDI 3429, MEDI 3426, MEDI 3525, MEDI 3427, MEDI 3515, MEDI 3520, MEDI 3430, MEDI 3424, MEDI 3435, MEDI 3425, MEDI 3114, MEDI 3423, LENG 3999]"
ICYA 4709,ANÁLISIS DE HIDROSISTEMAS,"[ICYA 2402, ICYA 1113, ICYA 2401, GEOC 1002, ( ( (QUIM 1101, IIND 2106, IIND 2401, FISI 1029, FISI 1028, LENG 1501, DERE 1300, ICYA 2001, LENG 2999]"
LENG 6992,INGLES DOCTORADOS 2,[INGD2]
QUIM 6983,TESIS 3 (DOCTORADO),[QUIM 6982]
ANTR 6983,DESARROLLO TESIS DOCTORAL,[ANTR 6982]
IQUI 2301,LAB. INGENIERIA REACCIONES,[]
MUSI 3500,ORQUESTACION 1,[MUSI 2503]
ECON 6985,INVESTIGACION TESIS DOCTORAL 6,[ECON 6984]
ISIS 3510L,LAB. CONSTR. APLICAC. MOVILES,"[ESPA 2999, MATE 1207, MATE 1108, ISIS 3204, FISI 1021, FISI 1020, ISIS 1105, ISIS 1106, ISIS 2503, DERE 1300, ISIS 1206, LENG 2999]"
ADMI 3207,MERCADO DE CAPITALES,"[ADMI 2204, IIND 2106]"
ECON 3750,MACRO Y FINANZAS INTERNACIONAL,"[ECON 2301, ECON 2201]"
MATE 4331,TEORIA ESPECTRAL DE OPERADORES,[MATE 343]
ARQU 3156,LA MAGIA DE LA GEOMETRIA,"[ARQU 2103, ARQU 2102, ARQU 2101, LENG 2999]"
HIST 4707,LECTURAS DIRIGIDAS 2,[HIST 4705]
MEDI 3439,INTERNADO OBLIGATORIO MED-INTE,"[MEDI 3429, MEDI 3426, MEDI 3525, MEDI 3427, MEDI 3515, MEDI 3520, MEDI 3430, MEDI 3424, MEDI 3435, MEDI 3425, MEDI 3114, MEDI 3423, LENG 3999]"
MATE 6982,PRETESIS 3,[MATE 6981]
MUSI 1207,ENTREN AUDITIVO 3,[MUSI 1206]
HIST 6982,TUTORIAL DE PROY. III- DHIST,[HIST 6981]
DADM 6973,SEM. INVESTIGACIÓN II PHD,[MIAD 4970]
ISIS 1106,LENGUAJES Y MÁQUINAS,"[ISIS 1104, ISIS 1205]"
MEDI 3429,TURNOS CLÍNICOS IV,"[MEDI 3417, MEDI 3418, MEDI 3416, MEDI 3419, MEDI 3420, MEDI 3113, MEDI 3422, MEDI 3434, MEDI 3500]"
MPER 4301,TRABAJO DE GRADO,[MPER 4408]
IBIO 2251,LAB. FENÓMENOS DE TRANSP. BIOL,[]
LENG 2312,ALEMAN 6,[LENG 2311]
MATE 3802,PRACTICA ENSENANZA 2,"[MATE 395, LENG 000]"
ARQU 3911,PROYECTO UNIDAD AVANZADA GRP2,"[LENG 2999, UNIT1]"
IELE 3006,OPTIMIZACION,"[MATE 1207, MBIO 1100, ISIS 1204, IIND 2101, IELE 1500, IELE 1002, IELE 1200, DERE 1300, MATE 2230, LENG 2999]"
HIST 6981,TUTORIAL DE PROYECTO II- DHIST,[HIST 4806]
CONT 1441,FUNDAMENTOS DE ASEGURAMIENTO,[MATE 1508]
FISI 3902,SEM.2-ASTRONOMIA Y ASTROFISICA,[FISI 3901]
MEDI 1211,FISIOLOGIA,"[MEDI 1999, MEDI 1209, MEDI 1208, MEDI 1200]"
MEDI 3523,MODULO SELECTIVO II INVESTI. 2,"[MEDI 3417, MEDI 3418, MEDI 3525, MEDI 3416, MEDI 3419, MEDI 3420, MEDI 3113, MEDI 3422, MEDI 3434, MEDI 3500]"
ARQU 2310,SISTEMAS DE SOPORTE,[ARQU 1302]
FISI 6114,SEMINARIO AVANZADO 4,[FISI 6113]
ICYA 3078,PROY. FINAL DISEÑO ING.CIVIL,"[ICYA 1125, ICYA 1113, ICYA 3305, ICYA 3203, ICYA 1117, MATE 1207, ICYA 3306, QUIM 1101, GEOC 1002, FISI 1029, FISI 1028, ISIS 1204, LENG 1501, DERE 1300, ICYA 3202, LENG 2999, ICYA 1122]"
MBIO 3100,BIOL.CELU Y MOLEC.PROCARIO-TEO,"[MBIO 2103, MBIO 2102, MBIO 2102C]"
MECA 4302,ECONOMÍA AMBIENTAL II,"[ECON 2102, ECON 3301, MATE 2711]"
MADM 4551,JUEGO GERENCIAL,"[MADM 4450, MADM 4650, MADM 4206, MADM 4303]"
IIND 4006,TESIS DE GRADO 2,"[IIND 4100, IIND 4101), LENG 4999, IIND 4002]"
IIND 3221C,REFUERZO LOGÍSTICA,[]
HIST 6985,TUTORIAL DE INV. VII -DHIST,[HIST 6984]
DISE 3199,ESTUDIO 8: PROYECTO DE GRADO,"[DISE 1000, DISE 3123, DISE 3129, LENG 2999]"
ADMI 2556,HERRAMIENTAS TOMA DECI I,"[MATE 1506, MATE 1209, MATE 1505, MATE 1106, MATE 1203, MATE 1214, MATE 1252, MATE 1253]"
MBIO 3993,PRACTICA DE GRADO,[MBIO 3918]
MUSI 1601,TECLADO 2,[MUSI 1600]
IBIO 3370,NEUROCIENCIAS,"[FISI 1029, FISI 1028, MATE 1207, MBIO 1100, ISIS 1204, LENG 1501, QUIM 1301, DERE 1300, MEDI 1211, LENG 2999, IELE 1010]"
MUSI 2402,CONJUNTO 4,[MUSI 2401]
MUSI 3403,INSTRUMENTO 8,[MUSI 2407]
MATE 1213,MATEMATICAS 3 (BIO-MED),[MATE 1507]
MEDI 3520,MODULO SELECTIVO II ADMINIS. 2,"[MEDI 3417, MEDI 3418, MEDI 3416, MEDI 3427, MEDI 3419, MEDI 3420, MEDI 3113, MEDI 3443, MEDI 3422, MEDI 3434, MEDI 3500]"
MEDI 3502,MODULO SELECTIVO I HOSP. CL. 1,"[MEDI 3415, MEDI 3112, MEDI 3410, MEDI 3413, MEDI 3414, MEDI 3411, MEDI 3412]"
MIAD 4990,SUSTENTACIÓN TESIS,[MIAD 4980]
FISI 3816,BIOLOGIA SINTETICA,"[MBIO 1100, MATE 1214]"
IIND 2202,FUNDAMENTOS DE PRODUCCION,[MATE 1203]
IIND 2201,CONTROL DE PRODUCCION,"[IIND 232, IIND 114]"
BIOL 3995,PROFUNDIZACION INVESTIGACION,[BIOL 3906]
ISIS 2503,ARQUITECTURA Y DISEÑO DE SW,[ISIS 2603]
IBIO 2560,PROC.SEÑALES E INST. BIOMED.,"[MATE 1207, IBIO 2240, IELE 1010, LENG 2999]"
ICYA 3108,PRERREQUISITO PROYECT. ICIV,"[ICYA 1125, ICYA 1113, ICYA 1117, MATE 1207, QUIM 1101, GEOC 1002, FISI 1029, FISI 1028, ISIS 1204, LENG 1501, DERE 1300, LENG 2999, ICYA 1122]"
MUSI 1415,INSTRUMENTO 1 - 15,[MUS070.0]
QUIM 1000,INTRODUCCION A QUIMICA,[]
IELE 3135,AUTOMAT SISTEMAS DISTRIBUCION,"[MATE 1207, MBIO 1100, IELE 1500, IELE 1002, IELE 1200, DERE 1300, IELE 2100, MATE 2230, LENG 2999]"
MEDI 3406,MEDICINA INTERNA,"[MEDI 2109, MEDI 2307, MEDI 2308, MEDI 2309, MEDI 2310, MEDI 2110, MEDI 3403]"
CONT 2462,ANÁLISIS DE SISTEMAS DE INFORM,[CONT 1461]
DERE 3813,CJ PAIS PRIMARIA,[]
MUSI 1206,ENTREN AUDITIVO 2,[MUSI 1205]
CPOL 6974,EX AREA MAYOR-POL COMPARADA,"[CPOL 4103, CPOL 4101, CPOL 6510]"
IIND 4102,METOD.ESTADISTICOS MULTIVAR.,[IIND 4100]
ICYA 3307,DISEÑO DE VIAS,"[ICYA 1125, ICYA 1113, ICYA 1117, MATE 1207, QUIM 1101, GEOC 1002, FISI 1029, FISI 1028, ISIS 1204, LENG 1501, DERE 1300, LENG 2999, ICYA 1122]"
IMEC 1001L,LABORATORIO DE FUNDAMENTOS,[]
MSIN 4101,ING CRIPTOGRAFICA Y APLIC SERV,[EXAL1]
ARTI 4204,ARQUITECTURA DE SEGURIDAD,[EXAL1]
IIND 4200,MODELOS CONTROL PRODUCC.,[( (MATE 130]
