name,code,credits
IELE 3430,TALLER DE COMUNICACIONES,[]
MBIO 2102,BIOLOGIA MOLECULAR-TEO,[]
ANTR 3171,SEMINARIO ETNOGRAFIA,[]
ECON 4113,MICRO AVANZ TEORIA DE JUEGOS,[]
ECON 4603,TESIS PEG,[]
IELE 3152,REDES INTELIGENTES,[MBIO 1100]
ICYA 3107,PRERREQUISITO PROYECTO IAMB,[]
ARTE 3118,FOTO DOCUMENTAL,[]
ARTE 3995,PRACTICA DE GRADO PROYECTOS,[]
MEDI 1200,ANATOMIA,"[MEDI 1999, MEDI 1209, MEDI 1208, MEDI 1219]"
ANTR 3191,METODOLOGIA DE PRACTICA,[]
MEDI 3409,TURNOS CLINICOS I,"[MEDI 3406, MEDI 3407, MEDI 3408, MEDI 3111, MEDI 2313, MEDI 2311, MEDI 2312]"
IELE 2206,FUNDAMENTOS DE ELECTRÓNICA,[]
IIND 3402,VALORACION DE EMPRESAS,[]
IQUI 3320L,LAB.INTR..TECN.LENGUAJ.PERFUM.,[]
QUIM 4950,TESIS II,[]
EDUC 6023,COLOQUIO DE INVESTIGACIÓN VIII,[]
HIST 4802,TUTORIAL DE INV. 3- MHIST,[]
CPOL 6979,EX AREA MENOR-POL COLOMBIANA,[]
ICYA 4504,TALLER DE DISEÑO CIMENTACIONES,[]
MIIA 4200,MINERIA DE DATOS,[]
IIND 6003,TUTORIAL 2,[]
MATE 6980,PRETESIS 1,[]
ARQU 1552,HERRAMIENTAS DIGITALES,[]
MBIO 3603,MICROBIOLOGIA DE ALIMENTOS-LAB,[MBIO 3602]
DPUB 4401,TRABAJO DE GRADO,[]
ISIS 1209,ALG. Y PROG. OBJ. II (HONORES),[]
DDER 6202,METODOS DE INVESTIGACION 2,[]
MIAD 4980,SEMINARIO I DE TESIS,[]
MISO 4302,TESIS I,[]
MUSI 2806,TALLER LÍRICO 2,[]
DADM 6974,ASISTENCIA INVESTIGACION,[]
MATE 2604,TEORIA DE ANALISIS NUMERICO,[]
SPUB 4109,PROYECTO DE GRADO II,[]
ARTI 4005,INTERCAMBIO INTERNACIONAL,[]
MATE 3157,INT. REPRESENT. GRUPOS FINITOS,[]
ISIS 2403,ARQUITECTURA EMPRESARIAL,[]
EGOB 3004,EVALUACIÓN DE POLÍTICAS PÚBL,[]
IELE 3110,ECONOMIA SISTEMAS DE POTENCIA,[IELE 1999]
MATE 1106,ALGEBRA LINEAL 1 (HONORES),[]
IQUI 2021,EQUILIBRIO DE FASES Y QUIMICO,"[IQUI 2024, IQUI 2021C]"
ANTR 1401,ANTROPOLOGÍA BIOLÓGICA,[]
ARQU 3252,SUIZA: LAB DE ENCUENTRO N/S,[]
FISI 4472,OPTICA CUANTICA,[FISI 3020]
ARTE 3205,ANIMACION,[]
MEDI 1100,INDUCCION,[MEDI 1101]
FILO 2130,NIETZSCHE,[]
CPOL 3003,MONOGRAFIA DE GRADO,[]
ICYA 2203,ANALISIS SIST. ESTRUCTURALES,[]
PSIC 2312,PSICOLOGIA DEL APRENDIZAJE,[PSIC 2706]
ANTR 3184,TRABAJO DIRIG EN ARQUEOLOGIA,[]
MATE 6984,PRETESIS 4,[]
FISI 6973,PASANTIA II,[]
ECON 3609,SEM. COYUNTURA ECONOMICA,[]
ADMI 3502,ESTRATEGIA,[]
MEDI 3501,MODULO SELECTIVO I AT. PRIM. 1,"[MEDI 3417, MEDI 3418, MEDI 3416, MEDI 3419, MEDI 3420, MEDI 3113, MEDI 3422, MEDI 3434]"
FISI 1048,FISICA MODERNA,[MATE 1207]
ARQU 3863,TEORIA UI ARQU DEL PAISAJE,"[ARQU 3861, ARQU 3862]"
ANTR 2102,INSTRUMENTOS DE INVESTIGACION,[]
FILO 4810,TUTORÍA DE INVESTIGACIÓN 1,[]
QUIM 1310,QUÍMICA ORGÁNICA I,[]
QUIM 1303,FUNDAMENTOS QUÍMICA ORGÁNICA,[]
ARQU 1504,DIBUJO ARQUITECTONICO DIGITAL,[]
IQUI 3001,PROCESOS DE SEPARACION,"[IQUI 3001C, IQUI 3002]"
FISI 4010,MECANICA CUANTICA AVANZADA 1,[]
IIND 2301,DINAMICA DE SISTEMAS,[]
PSIC 3990,INSCRIPCION A GRADO,[]
ARTI 4102,COMUNICACION EFECTIVA,[]
BCOM 4990,TESIS 4 CR,[]
IQUI 3090,SEM.PROYECTO GRADO,[]
LENG 1302,ALEMAN 2,[]
FISI 2405,MECANICA,[MATE 2301]
DADM 6981,SEMINARIO DE TESIS I,[]
LENG 1602,ITALIANO 2,[]
LENG 1403,JAPONES 3,[]
ARQU 3163,SEM BTA CIUDAD ABIERT COMP.URB,[]
DDER 6102,TEORIA JURIDICA 2,[]
IBIO 4790,TESIS II,[]
MUSI 2801,TALLER LÍRICO 1,[]
MEDI 1101,INTRODUC.A LA PROFESION MEDICA,[MEDI 1100]
ARQU 1302,TALLER TECNICO 2,[]
IBIO 2241,LAB PROGRAMACION CIENTIFICA,[IBIO 2240]
LENG 3922,PRACTICA 2,[]
ICYA 1117,MECANICA DE MATERIALES,[]
MUSI 2500,TALLER DE COMPOSICION 1,[]
QUIM 6982,TESIS 2 (DOCTORADO),[QUIM 6970]
DISE 2624,FOTOGRAFÍA 2: PRODUCTOS,[]
IBIO 1011,LAB INTRO ING BIOMÉDICA,[IBIO 1010]
ECON 2204,MEDICION Y CONTABILIDAD,[]
CPOL 2501,TALLER METODOLOGIA,[]
FISI 6985,TESIS V,[]
PSIC 3884,INVESTIGACION DEL DESARROLLO,[]
ICYA 4704,HIDRAULICA DE TUBERIAS,[]
ANTR 3194,MONOGRAFIA DE GRADO,[]
FISI 4012,SEMINARIO 2 DE FISICA TEORICA,[]
IBIO 4680,VISION POR COMPUTADOR,[]
ISIS 1404L,LAB TI EN LAS ORGANIZACIONES,[]
CONT 1211,LIDERAZGO Y ÉTICA,[]
IMEC 1410L,LABORAT.DE CIENCIA MATERIALES,[IMEC 1410]
MATE 2510,PROBABILIDAD (HONOR),[]
IIND 2109C,REFUERZO SIST. APOYO DECISION,[IIND 2109]
ICYA 4102,MOD. PROCESOS Y SIST. AMBIENTA,[]
MEDI 3529,MODULO SELECTIVO II SALUD P. 3,"[MEDI 3429, MEDI 3426, MEDI 3427, MEDI 3515, MEDI 3520, MEDI 3443, MEDI 3430, MEDI 3424, MEDI 3435, MEDI 3425, MEDI 3114, MEDI 3423]"
ICYA 3202,DISEÑO ESTRUCTURAL,[]
MBIO 3919,TRABAJO DE GRADO,[]
PSIC 2318,MOTIVACIÓN,[PSIC 2706]
IIND 4213,DISEÑO DE EXPERIM. INGE.,[]
LENG 1743,CHINO 3,[]
DISE 2359,COMUNICACIÓN 4,[]
ARQU 1420,TALLER CIUDAD 2,[]
CPOL 3995,PRACTICA DOCENTE,[]
MATE 4220,MEDIDA E INTEGRACION,[]
ADMI 1203,PLANEACION FINANCIERA,[]
IIND 4101,OPTIMIZACION AVANZADA,[]
IMEC 1000C,COMPL.INTRODUCCION IMEC,[IMEC 1000]
IMEC 1410,CIENCIA DE MATERIALES,"[IMEC 1410L, IMEC 1997]"
MBIO 2103,BIOLOGIA MOLECULAR-LAB,[]
FISI 6971,PASANTIA,[]
GEOC 1022,GEOLOGIA,[GEOC 1023]
DISE 2618,DISEÑO EDITORIAL,[]
ARQU 4303,PROYECTO DE GRADO,[]
ECON 2202,MACROECONOMIA 3,[]
FILO 3214,GRIEGO V,[]
IIND 3113,SIMULAC. EVENTOS DISCRETOS,[]
IIND 6990,SUSTENTACION DE TESIS,[]
ISIS 4514,SEMANTIC WEB,[]
CIDE 4132,ESTUDIOS DIRIGIDOS 1,[]
ISIS 3425,SISTEMAS EMPRESARIALES,[]
MBIT 4101,HABILIDADES GERENCIALES EN TI,[]
ARQU 2410,PAISAJE URBANO,[]
MATE 2711,METODOS MATEM. PARA ECONO.,[]
MBIO 3604,MICROBIOLOGIA AMBIENTAL-TEO,[MBIO 3605]
LENG 1329,DEUTSCHE GRAMMATIK,[]
FISI 4708,MAGNETISMO Y MATERIALES MAG.,[FISI 3020]
PSCL 4109,REVISTA DE CASOS CLÍNICOS I,[]
ARTE 2109,FUNDAMENTOS DE ESCULTURA,[]
MEDI 3526,MODULO SELECTIVO II AT. PRI. 3,"[MEDI 3429, MEDI 3426, MEDI 3427, MEDI 3515, MEDI 3520, MEDI 3443, MEDI 3430, MEDI 3424, MEDI 3435, MEDI 3425, MEDI 3114, MEDI 3423]"
FISI 6983,TESIS III,[]
IQUI 2020,TERMODINAMICA,"[IQUI 2023, IQUI 2020C]"
ARQU 1202,TALLER DE HISTORIA 2,[]
MEDI 3403,BITACORA SEMIOLOGIA II,[MEDI 2110]
ARQU 2103,PROYECTO LUGAR,[]
ARTE 2101,FUNDAMENTOS DE PINTURA,[]
DISE 3129,ESTUDIO 7: TALLER INNOVACIÓN,[]
ECON 2301,ECONOMETRIA 1,[]
IELE 2402,COMUNICACIONES,[]
MEDI 3533,INTERNADO SELECTIVO INVESTI. 1,"[MEDI 3432, MEDI 3540, MEDI 3535]"
MEDI 3547,AIEPI,[]
MSIN 4303,TESIS II,[]
MEDI 3407,PEDIATRIA,"[MEDI 3406, MEDI 3408, MEDI 3409, MEDI 3111, MEDI 2313, MEDI 2311, MEDI 2312]"
PSIC 1204,PRINCIPIOS DE NEUROCIENCIAS 1,[]
FISI 4042,TOPICOS EN MECANICA ESTADISTIC,[]
ICYA 2101,TERMOQUIMICA AMBIENTAL,[]
MUSI 2612,FUNDAMENTOS DE AUDIO Y ACÚSTIC,[]
MUSI 3614,MASTERIZACIÓN,[MUSI 3603]
PSCL 4105,PRÁCTICA CLÍNICA SUPERVISADA I,[PSCL 4109]
IBIO 3702,PROYECTO INVESTIGAC.INGENIERIA,[]
ECON 6302,ECONOMETRÍA 2 DOC,[]
ICYA 4292,PROYECTO GRADO GERENCIA,[]
CBIO 6915,PASANTIA DOCTORADO 2,[]
MEDI 3517,MODULO SELECTIVO II HOS. CL. 1,"[MEDI 3429, MEDI 3426, MEDI 3525, MEDI 3427, MEDI 3520, MEDI 3443, MEDI 3430, MEDI 3424, MEDI 3435, MEDI 3425, MEDI 3114, MEDI 3423]"
MEDI 3420,BITACORA CLINICA III,"[MEDI 3417, MEDI 3418, MEDI 3416, MEDI 3419, MEDI 3113, MEDI 3422, MEDI 3434, MEDI 3500]"
HIST 3993,PRACTICA DE GRADO,[]
EDUC 6990,SUSTENTACIÓN DE TESIS DOCTORAL,[]
ECON 2201,MACROECONOMIA 2,[]
ICYA 4303,SEMIN.PROYECTOS DE INFRAESTRUC,[]
ANTR 4137,LECTURAS DIRIGIDAS 1,[]
EGOB 1105,MÉTODOS CUALI PARA ASUNTOS PUB,[]
ICYA 4808,GESTION DE SISTEMAS DE TRAFICO,[]
ANTR 3185,TRABAJO DIRIG EN ANTR.SOCIAL,[]
MUSI 3401,CONJUNTO 7,[]
ARQU 2320,SISTEMAS DE HABITABILIDAD,[]
MUSI 3511,INSTRUMENTACIÓN DIGITAL,[]
MEDI 1103,ETICA MEDICA Y PROFESIONALI. I,[MEDI 1104]
ECON 4657,POBREZA Y DESARROLLO ECON,[]
MSIN 4301,PROYECTO FINAL,[]
ADMI 3604,TALLER DE INNOVACION,[]
FISI 3801,SEMINARIO DE BIOFISICA,[]
CPOL 6977,EX AREA MENOR-TEORIA POLITICA,[]
MUSI 1204,ARMONIA 3,[]
PSIC 2313,PSICOLOGÍA DE LA EMOCIÓN,[PSIC 2706]
LITE 2407,LATIN III,[]
MECU 4203,TUTORIA DE INVESTIGACION II,[]
QUIM 1511,LABORATORIO DE FISICOQUIMICA I,[QUIM 1510]
DERE 3905,EXAMEN DE FACULTAD,[]
ISIS 1304,FUND INFRAESTRUCTURA TECNOLÓGI,[]
MBIT 4301,PROYECTO FINAL,[]
CBIO 6985,TESIS DOCTORADO 6,[]
FISI 3011,SEMINARIO DE FISICA TEORICA,[FISI 3010]
IELE 2100,ELEMENT.SISTEMAS ELECTRICOS,"[MATE 2210, IELE 2000]"
MDER 4203,COLOQUIO DE INVESTIGACION,[]
ARQU 3850,ANALISIS UI TECTONICA Y ESTRUC,"[ARQU 3849, ARQU 3851]"
ISIS 1205L,LAB ALGORITMICA Y PROG. OBJ II,[]
FISI 3000,PRACTICA DOCENTE FISICA,[FISI 2430]
MATE 6975,SUSTENTACIÓN DE PROYECTO,[MATE 6904]
CBIO 6982,TESIS DOCTORADO 3,[]
MFIN 4216,GESTION DE RIESGOS,[]
MUSI 3620,TRABAJO DE GRADO - 15,[]
IQUI 2300,INGENIERIA DE REACCIONES,"[IQUI 2301, IQUI 2300C]"
IIND 3202,GERENCIA DE PRODUCCION,[]
FISI 1012,FISICA BASICA 1,[MATE 1212]
IELE 4002,SEMINARIO MAGÍSTER 2,[IELE 4021]
MUSI 1417,INSTRUMENTO 3 - 15,[]
FISI 4802,SEMINARIO 2 DE BIOFISICA,[]
IIND 3218,FUNDAMENTOS DE LA CALIDAD,[]
MBIO 3518,GENOMICA Y BIOINFORMATICA-LAB,[]
IBIO 6963,PROYECTO DIRIGIDO 3,[]
LENG 1603,ITALIANO 3,[]
IQUI 2102C,COMPL. FENOMENOS TRANSPORTE 2,[IQUI 2102]
IMEC 1503,DISEÑO GRAFICO EN INGENIERÍA,"[IMEC 1503C, IMEC 1997]"
MUSI 2416,INSTRUMENTO 6 - 15,[]
PSIC 3883,PSICOLOGIA SOCIAL DEL DEPORTE,[]
IIND 3311,ESTRATEGIA ORGANIZACIONAL,[]
IQUI 3091,PROYECTO DE GRADO,[]
IMEC 3520,APLIC DISEÑO MEC EN INDUSTRIA,[]
ANTR 4225,TRABAJO DE GRADO,[]
FISI 2028,MÉTODOS COMPUTACIONALES,[]
MATE 1506,PROB.Y ESTADISTICA 2,[]
ANTR 3188,TRABAJ DIRIG EN ZOOARQUEOLOGIA,[]
BCOM 4104,ESTADISTICA BIOLOGIA COMPUTAC.,[]
LENG 3239,L’HUMOUR DANS LA LANGUE FRANCA,[]
EGOB 4201,EVALUACION DE POLITICAS PUBL.,[]
MATE 2411,GEOMETRIA DE CURVAS Y SUPERFIC,[]
CPOL 6980,TRABAJO GRUPO DE INVEST. DOCT.,[]
FISI 6202,INVESTIGACION 2,[]
ARTE 2120,ESCULTURA Y CUERPO,[]
LENG 1202,FRANCÉS 2,[]
ICYA 4214,TESIS 2 MICIV,[]
MUSI 2613,TECNOLOGÍA DEL AUDIO 1,[]
MEDI 3540,INTERNADO SELECTIVO ADMI. 3,"[MEDI 3530, MEDI 3432, MEDI 3535]"
ECON 3635,TEOR.FINANZAS PARA ECONOMISTAS,[]
QUIM 2519,LAB DE FUNDAMENT FISICOQUIM,[QUIM 2518]
CIDE 4114,SEMINARIO TUTORIAL,[]
LITE 2405,LATÍN II,[]
IELE 6990,SUSTENTACION DE TESIS,[]
PSIC 3833,PSICOLOGIA COMUNITARIA,[]
EDUC 6014,INVESTIGACIÓN DOCTORAL II,[]
ECON 6986,INVESTIGACION TESIS DOCTORAL 7,[]
ECON 1303,TALLER DE MATLAB,[]
IMEC 2320,TRANSFERENC.CALOR,"[IMEC 2320L, IMEC 2797]"
IIND 3001,PROYECTO DE GRADO 2,[]
LENG 2412,JAPONES 6,[]
GEOC 3101,YACIMIENTOS MINERALES,[GEOC 3102]
ADMI 3210,MERCADOS DERIVADOS,[]
MUSI 2811,CANTO 5,[]
MUSI 3302,DIRECCION CORAL 5,[]
QUIM 1510,FISICOQUIMICA I,"[MATE 1203, QUIM 1511]"
IBIO 2650,BIOMATERIALES,[]
DISE 3151,E7: INDUSTRIAS CULTURALES,[]
LENG 1105,INGLÉS 5,[]
ARTE 2203,VIDEO EXPERIMENTAL,[]
CBIO 4121,INMUNOLOGIA AVANZADA,[]
FISI 3771,INTRODUC.A SUPERCONDUCTIVIDAD,[]
ICYA 4106,BIODIVERSIDAD COLOMBIANA,[]
BIOL 3325,BIOLOGIA DE CONSERVACION-LABOR,[BIOL 3324]
MATE 1214,CALCULO INTEGRAL-ECUAC.DIFEREN,[]
DISE 3125,ESTUDIO 6: PROD INDUSTRIAL,[]
FISI 6975,PASANTIA IV,[]
ARQU 3991,PRACTICA INSTITUC.TIEMPO COMP,[]
MATE 2104,CRISTALOGRAFIA MATEMATICA,[]
MEDI 3114,ETICA MEDICA Y PROFESIONA. II,"[MEDI 3429, MEDI 3426, MEDI 3525, MEDI 3427, MEDI 3515, MEDI 3520, MEDI 3443, MEDI 3430, MEDI 3424, MEDI 3435, MEDI 3425, MEDI 3423]"
MEDI 3434,TURNOS CLINICOS III,"[MEDI 3417, MEDI 3418, MEDI 3416, MEDI 3419, MEDI 3420, MEDI 3113, MEDI 3422, MEDI 3500]"
ISIS 2203L,LAB INFRAESTRUCTURA COMPUTACIO,[]
CPOL 6523,LECTURAS DIRIGIDAS,[]
MTRI 4202,TEMAS AVANZ TRIB INTERNACIONAL,[]
ECON 6980,INVESTIGACION TESIS DOCTORAL 1,[]
FISI 4014,SEM2.QFT/FISICA-MATEMATICA,[]
IQUI 2101L,TALLER FENOMENOS TRANSPORTE 1,[IQUI 2101]
ECON 4213,MACROECONOMIA AVANZADA LP,[]
EDUC 4027,MÉTODOS CUALIITATIVOS DE INVES,[]
ECON 4568,MICROECONOMIA III,[]
ICYA 4450,DISEÑO Y COMP. ESTRUC. CONC.,[]
LITE 3402,SEMINARIO DE LATIN IV,[]
MATE 4424,TOPOLOGIA ALGEBRAICA 2,[]
ICYA 4404,TECNOL. AVANZADAS DEL CONCRETO,[]
DISE 1107,ESTUDIO 2,[DISE 1000]
ECON 3714,ECONOMIA BANCARIA,[]
IQUI 2101,FENOMENOS DE TRANSPORTE 1,[IQUI 2101L]
PSIC 4106,DISEÑO PROY INV II COLOQI,[]
FISI 6112,SEMINARIO AVANZADO 2,[]
IBIO 3870,PROYECTO DE DISEÑO 2,[]
IQUI 3031,DISEÑO PLANTAS DE PROCESO,[IQUI 3032]
MSIN 4302,TESIS I,[]
CBIO 4331,BUCEO CIENTIFICO AVANZADO,[]
MUSI 2201,PIANO COMPLEMENTARIO 5,[]
MEDI 3422,PROYECTO DE GRADO I,"[MEDI 3417, MEDI 3418, MEDI 3416, MEDI 3419, MEDI 3420, MEDI 3113, MEDI 3434, MEDI 3500]"
IQUI 3032,TALLER DISEÑO PLANTAS,[IQUI 3031]
MUSI 1404,CONJUNTO 1,[]
BIOL 3302,FISIOLOGIA VEGETAL-TEO,[BIOL 3303]
IMEC 4701,TESIS 1,[IMEC 4997]
MATE 2211,CALCULO VARIABLE COMPLEJA,[]
PSIC 4108,DISEÑO PR INVE IV COLOQ III,[]
IQUI 1001,INTROD.INGENIERIA QUIMICA,[IQUI 1002]
MEDI 3544,INTERNADO SELECTIVO SALUD P.3,"[MEDI 3530, MEDI 3432, MEDI 3535]"
QUIM 4221,NANOCIENCIAS PARA QUÍMICOS,[]
PSCL 4108,PRÁCTICA CLÍNICA SUPERV. IV,[PSCL 4112]
FISI 2432,ELECTROMAGNETISMO 1,[FISI 2007]
PSIC 3707,INVESTIGACION DIRIGIDA 1,[]
MECA 4402,EVALUACIÓN DE IMPACTO,[]
IIND 3221,LOGÍSTICA,[]
EGOB 2101,MÉTOD CUANTI PARA ASUNT PUB I,[]
LITE 2101,TEORIA LITERARIA 3,[]
ARTE 2111,PINTURA Y CUERPO,[]
LENG 1303,ALEMAN 3,[]
EGOB 4115,PROYECTO DE GRADO II,[]
ISIS 2603,DESARROLLO DE SW EN EQUIPO,[ISIS 2304]
DERE 3835,CJ-PRISIONES Y CÁRCELES,[DERE 3801]
MEDI 3436,INTERNADO OBLIGATORIO ANESTES.,"[MEDI 3439, MEDI 3437, MEDI 3438, MEDI 3442, MEDI 3440, MEDI 3441]"
ECON 2106,TEORIA DEL CONSUMIDOR Y FIRMA,[]
MBIO 3605,MICROBIOLOGIA AMBIENTAL-LAB,[MBIO 3604]
MATE 3120,LOGICA 1,[]
MATE 1107,ALGEBRA LINEAL 2,[]
MUSI 2700,ANALISIS MUSICAL 1,[]
MDER 4302,TUTORIA II,[]
LITE 2408,GRIEGO III,[]
PSIC 3866,LOGOTERAPIA Y SENTIDO DE VIDA,[]
BIOL 1327C,COMPL ECOLOGIA: PRINC Y APLICA,[BIOL 1327]
LITE 3904,SEMINARIO-TRABAJO DE GRADO,[]
MBIO 3913,"TRABAJO GRADO, MONOGR, PRAC.GR",[]
ARTE 2206,ARTE SCRIPTUM,[]
CPOL 6978,EX AREA MENOR-POL COMPARADA,[]
ECON 3740,SEM E.SECTORES Y DLLOPRODUCT.,[]
ECON 3301,ECONOMETRIA 2,[]
IQUI 2200,DISEÑO EXPERIM. ING QUIMIC,[IQUI 2200L]
ARTE 3100,DIBUJO EXPERIMENTAL,[]
IMEC 1541,MECANICA DE SOLIDOS RIGIDOS,"[IMEC 1541L, IMEC 1997]"
ICYA 4449,DISE - BASICO DE ACERO,[]
ISIS 3301,INTELIGENCIA DE NEGOCIOS,[]
CPOL 3600,OPCION GRADO MATERIAS MAESTRIA,[]
MDER 4202,RETOS AL DERECHO,[]
MUSI 2606,AUDICION CRITICA,[]
CBIO 6990,SUSTENTACION DE TESIS,[CBIO 6983]
PSIC 3812,PRÁCTICA 2 06,[]
MEDI 3528,MODULO SELECTIVO II INVESTI. 3,"[MEDI 3429, MEDI 3426, MEDI 3427, MEDI 3515, MEDI 3520, MEDI 3443, MEDI 3430, MEDI 3424, MEDI 3435, MEDI 3425, MEDI 3114, MEDI 3423]"
MATE 4140,TEORIA DE MODELOS 1,[]
MUSI 2514,COMPOSICIÓN PARA LA IMAGEN I,[]
CPOL 6973,EX AREA MAYOR-TEORIA POLITICA,[]
IELE 4021,TESIS II,[IELE 4002]
LITE 3993,PRÁCTICA DE GRADO,[]
IQUI 4302,TESIS II,[]
MBIT 4304,PROYECTO DE EMPRENDIMIENTO,[]
LENG 1745,CHINO 5,[]
MUSI 3704,PROYECTO DE GRADO,[]
DERE 3909,INVESTIGACION DIRIGIDA,[]
DISE 2122,ESTUDIO 5: DIRECCIÓN CREATIVA,[]
DISE 2309,PRODUCTO 4,[]
ARQU 2430,TEORIAS URBANAS,[]
LENG 1106,INGLÉS 6,[]
MUSI 2503,INSTRUMENTACION 2,[]
CONT 2413,CONTABILIDAD EN UN ENTORNO INT,[]
LENG 2316,WISSENSCHAFTLICHES SCHREIBEN,[]
IELE 2010,MATERIALES PARA IEE,[]
MEDI 2312,SISTEMA OSTEOMUSCULAR,"[MEDI 3406, MEDI 3407, MEDI 3408, MEDI 3409, MEDI 3111, MEDI 2313, MEDI 2311]"
MISO 4204,FABRICAS SW Y LIN PRODUCTOS,[]
BIOL 1301,BIOLOGIA DE ORGANISMOS-LAB,[BIOL 1300]
DISE 3131,ESTUDIO 7: SOSTENIBILIDAD,[]
MEDI 3548,DESCIF. LA ENF: INVEST. BIOMED,[]
CPOL 4103,TRABAJO DE GRADO,[]
ANTR 2103,ESCUELAS ANTROPOLOGICAS I,[]
ICYA 4502,TALL. HERRAM. EXPERIM. GEOTECN,[]
ARQU 2202,ARQUITECTURA CLASICA,[]
MATE 1508,ESTADISTICA (CONTADURIA),[]
PSIC 2708,DISEÑO Y ANÁLISIS DE INV. 3,[]
QUIM 6981,TESIS 1 (DOCTORADO),[]
BIOL 2200,GENETICA-TEO,[BIOL 2201]
QUIM 3013,LABORATORIO DE Q. AVANZADA,[]
FISI 6201,INVESTIGACION 1,[]
IBIO 2261,LABORATORIO MODELADO Y SIMULAC,[IBIO 2260]
ECON 3732,MICROECONOMETRIA FINANCIERA,[]
ARTE 2129,GRABADO EN RELIEVE,[]
LENG 1742,CHINO 2,[]
DISE 3144,E6: DISEÑO PARA EXPOSICIONES,[]
FISI 3098,MONOGRAFIA,[]
CIDE 4110,SUSTENTACIÓN,[]
ISIS 2007,DISEÑO PROD. E INNOVACIÓN TI,[ISIS 2008]
MFIN 4201,ANÁLISIS DE INVERSIONES,[]
MLIT 4905,TUTORIAL DE PROFUNDIZACIÓN 2,[]
MEDI 2108,SEMI. I Y AT. PRI. A LA COMU.,"[MEDI 2306, MEDI 2304, MEDI 2107, MEDI 2305, MEDI 2000, MEDI 2303, MEDI 2300, MEDI 3400, MEDI 2301]"
DERE 2207,ARGUMENTACION EN PROCESOS CIVI,[]
IELE 1400,FUNDAMENTOS DE REDES,[]
IIND 3309,RELACIONES INDUSTRIALES,[]
ISIS 1104L,LAB MATEMÁTICA ESTRUCT Y LOGIC,[]
IQUI 3039,INTRO. MODEL. Y SIMUL. ING.,[IQUI 3041]
IQUI 3010,OPERACIONES UNITARIAS,[IQUI 3012]
MEDI 3519,MODULO SELECTIVO II SALUD P. 1,"[MEDI 3429, MEDI 3426, MEDI 3525, MEDI 3427, MEDI 3520, MEDI 3443, MEDI 3430, MEDI 3424, MEDI 3435, MEDI 3425, MEDI 3114, MEDI 3423]"
IIND 3000,PROYECTO DE GRADO 1,[]
MUSI 3607,PRODUCCION MUSICAL 2,[]
PSIC 3882,EMOCIONES MORALES,[]
ARQU 3249,SEM ARQU LATINOAMERICANA,[]
MUSI 2602,SONIDO EN VIVO 1,[]
ICYA 4716,MODEL. FLUJO Y CONT. ACUI.,[]
MUSI 3603,AUDIO DIGITAL,[]
ECON 3401,COMERCIO INTERNACIONAL,[]
FISI 6962,CURSO DIRIGIDO II,[]
IIND 2109,SISTEMAS APOYO A LA DECISION,[]
LENG 2707,VOCES Y PAISAJES DE LUSOFONÍA,[]
MUSI 1600,TECLADO 1,[]
ICYA 4532,SEMINARIO GEOSI,[]
EDUC 5300,SEMINARIO DE INVES. - ACCIÓN,[]
ISIS 4004,TUTORIAL ESPECIAL,[]
FISI 2026,HERRAMIENTAS COMPUTACIONALES,[]
LENG 1744,CHINO 4,[]
MUSI 3618,TALLER DE MEZCLA,[]
FISI 2040,TERMODINAMICA,[MATE 2301]
MATE 1502,ESTADISTICA 2 (C. SOCIALES),[]
CIDE 4134,ESTUDIOS DIRIGIDOS 2,[]
CPOL 3300,SEM POLITICA COLOMBIANA,[]
ECON 6983,INVESTIGACION TESIS DOCTORAL 4,[]
FILO 6990,TUTORÍA DE INVESTIGACIÓN 4 DOC,[]
ECON 6105,MICRO AVANZ TEORIA JUEGOS DOC,[]
ISIS 3009,TALLER DE INNOVACION CON TIC 2,[]
IMEC 1541L,LABORATORIO MEC SOL RIGIDOS,[IMEC 1541]
FILO 6982,TUTORÍA DE INVESTIGACIÓN 2 DOC,[]
MATE 3426,GRUPOS DE LIE,[]
IIND 3208,DES. AVANZADO DE NUEVOS PROD.,[]
QUIM 1301,QUIMICA ORGANICA,[QUIM 1302]
QUIM 3014,PROYECTO DE GRADO,[]
ADMI 3238,MERCADEO VERDE,[]
ARTI 4301,PROYECTO FINAL,[]
LENG 3921,PRACTICA DOCENTE,[LENG 3931]
ISIS 1404,TI EN LAS ORGANIZACIONES,[]
ANTR 3186,TRABAJO DIRIG EN ENTOLINGUISTI,[]
MBIT 4203,BUSINESS ANALYTICS,[]
MUSI 2209,CONTRAPUNTO 2,[]
ANTR 4138,LECTURAS DIRIGIDAS 2,[]
EDUC 3000,PRACTICA PEDAGOGICA,[]
HIST 6983,TUTORIAL DE INV. V- DHIST,[]
FISI 6987,TESIS VII,[]
IBIO 2260,MODELADO Y SIMULACIÓN SIST BIO,[IBIO 2261]
MEDI 3525,MODULO SELECTIVO II ADMINIS. 3,"[MEDI 3429, MEDI 3426, MEDI 3427, MEDI 3515, MEDI 3520, MEDI 3443, MEDI 3430, MEDI 3424, MEDI 3435, MEDI 3425, MEDI 3114, MEDI 3423]"
IIND 2401,ANALIS.DECISION INVERSION,[]
ICYA 4218,TESIS 2 MIAMB,[]
ICYA 3104,PROYECTO ESPECIAL PREGRADO,[]
IMEC 2540L,LAB. DINAMICA SISTEM.MECANICOS,[IMEC 2540]
FISI 4051,LABORATORIO AVANZADO,[FISI 330]
BIOL 3321,ENTOMOLOGIA-LAB,[BIOL 3320]
IQUI 3002,LAB. PROC. SEPARACION,[]
ISIS 1209L,LAB ALG.Y PROGR. OBJ. II (HON),[]
EDUC 4207,TESIS 2,[]
ISIS 3302L,"LAB MODELA, SIMULACION Y OPT",[]
MATE 4159,TEO INVARIANTES ALGORITMICA,[]
DISE 2112,ESTUDIO 5: PRODUCCIÓN CREATIVA,[]
ECON 4659,TEORIA DE JUEGOS,[]
ISIS 3990,INSCRIPCION A GRADO,[ISIS 3007]
IELE 3001,PROYECTO DE GRADO ELECTRICA,[]
DDER 6402,TUTORIA 2,[]
MUSI 2814,TALLER LÍRICO 6,[]
LENG 1130,WRITING BUSINESS COMMUNICATION,[]
GEOC 3068,"SENSORES REMOTOS, SIG Y GPS",[GEOC 3069]
IELE 4001,SEMINARIO MAGÍSTER 1,[IELE 4020]
ARQU 2330,SISTEMAS DE CONSTRUCCION Y EST,[]
FILO 3991,PRACTICA DE TIEMPO COMPLETO,[]
MATE 1105,ALGEBRA LINEAL 1,[]
CPOL 2417,TEORIA CONTEMP POLITICA Y SOC,[]
FISI 6982,TESIS II,[]
GEOC 1023,LABORATORIO DE GEOLOGIA,[GEOC 1022]
MUSI 2212,MORFOLOGIA 1,[]
CPOL 1003,TALLER DE INDUCCIÓN,[CPOL 1000]
EDUC 2001,CURSO TUTORIAL DISCIPLINAR,[]
GEOC 3048,SÍSMICA Y SISMOLOGÍA,"[FISI 2028, GEOC 3049]"
MATE 3512,DINÁMICA ESTOCÁSTICA,[]
ICYA 3406,MODELACION AMBIENTAL,[ICYA 3401]
BIOL 1313,BIOLOGIA PARA PSICOLOGIA-LAB,[BIOL 1312]
MATE 3801,PRACTICA ENSENANZA 1,[]
MEDI 3535,INTERNADO SELECTIVO ADMINIST.2,"[MEDI 3530, MEDI 3432, MEDI 3540]"
MUSI 2417,INSTRUMENTO 7 - 15,[]
MEDI 2310,SISTEMA URINARIO Y RENAL,"[MEDI 2109, MEDI 2307, MEDI 2308, MEDI 2309, MEDI 2110, MEDI 3403]"
MBIT 4302,TESIS 1,[]
IMEC 1330,TERMODINÁMICA,"[IMEC 1330L, IMEC 1997]"
CBIO 4805,PROFUNDIZAC. EN INVESTIGACION,[]
MUSI 2211,CONTRAPUNTO AVANZADO 2,[]
MATE 1204,CALCULO DIFERENCIAL (HONORES),[]
EDUC 6010,COLOQUIO DE INVESTIGACION VI,[]
ICYA 1125,GEOMÁTICA,[]
FISI 3901,SEM.1 ASTRONOMIA Y ASTROFISICA,[]
FISI 1029,FISICA EXPERIMENTAL II,[FISI 1028]
FISI 2051,LABORATORIO INTERMEDIO,[FISI 1860]
PSIC 2314,PSICOLOGÍA DEL LENGUAJE,[PSIC 2706]
MUSI 2515,COMPOSICIÓN PARA LA IMAGEN II,[]
IMEC 1000,INTRODUCC.INGEN.MECANICA,[IMEC 1000C]
MEDI 3111,SISTEMAS DE SALUD I,"[MEDI 3406, MEDI 3407, MEDI 3408, MEDI 3409, MEDI 2313, MEDI 2311, MEDI 2312]"
FISI 6118,SEMINARIO AVANZADO 8,[]
MEDI 2303,SISTEMA CARDIOVASCULAR,"[MEDI 2108, MEDI 2306, MEDI 2304, MEDI 2107, MEDI 2305, MEDI 2000, MEDI 2300, MEDI 3400, MEDI 2301]"
PSIC 3801,ETICA PROFESIONAL,[PSIC 3811]
PSIC 3987,PSICOLOGIA DE LA SALUD,[]
ARQU 3812,PROY. UNIDAD INTERM. VIVIENDA,"[ARQU 3822, ARQU 3832]"
GEOC 2057,MECANICA DEL CONTINUO,[]
ANTR 4224,TRABAJO CAMPO,[]
FISI 4098,TRABAJO DE GRADO (1),[]
IIND 2400,SIST. DE CONTROL GERENCIAL,[]
MBIO 2300,BACTERIOLOGIA-TEO,[MBIO 2301]
FISI 3152,FISICA DE PARTICULAS,[]
IIND 2107C,REFUERZO PROBA Y ESTD II,[IIND 2107]
CPOL 3993,PRACTICA DE GRADO,[]
ADMI 1190,SERVICIOS ECOSISTÉMICOS,[]
IELE 3002,PROYECTO DE GRADO ELECTRONICA,[]
FILO 6980,TUTORIAL DE PROYECTO 3,[]
CIDE 4151,TRABAJO DE GRADO FINAL,[]
MATE 3905,SEMINARIO PROYECTO DE GRADO 2,[MATE 395]
BIOL 3320,ENTOMOLOGIA-TEO,[BIOL 3321]
MATE 1507,MATEMATICAS 2 (BIO-MED),[]
ICYA 4603,DISEÑO GEOM DE VÍAS AVANZADO,[]
MUSI 2824,PIANO APLICADO 3 - 15,[]
ADMI 2205,FINANZAS 3: ESTRATEGIA,[]
CPOL 3500,SEMINARIO INVESTIGACION,[]
ECON 2101,MICROECONOMIA 2,[]
IIND 4324,APLIC. Y TEORIA EVOLUTIVA ORG.,[]
FILO 3213,LATIN V,[]
MEDI 3441,INTERNADO OBLIGATORIO ORTOPED.,"[MEDI 3439, MEDI 3437, MEDI 3438, MEDI 3442, MEDI 3440, MEDI 3436]"
ARTE 3990,INSCRIPCION A GRADO,[]
MEDI 3524,MODULO SELECTIVO II SALUD P. 2,"[MEDI 3429, MEDI 3426, MEDI 3525, MEDI 3427, MEDI 3515, MEDI 3443, MEDI 3430, MEDI 3424, MEDI 3435, MEDI 3425, MEDI 3114, MEDI 3423]"
MTRI 4301,METOD RESOLUC CASOS TRIBUTARIO,[]
ISIS 1002,ACOMPAÑAMIENTO ISIS,[ISIS 1001]
MBIO 3503,MICROBIOLOGIA MEDICA-LAB,[MBIO 3502]
MEDI 3438,INTERNADO OBLIGATORIO GINE-OBS,"[MEDI 3439, MEDI 3437, MEDI 3442, MEDI 3440, MEDI 3441, MEDI 3436]"
ARQU 3861,PROY UI ARQU DEL PAISAJE,"[ARQU 3862, ARQU 3863]"
ARTE 2126,INTROD. PROCESOS IMPRESIÓN,[]
MUSI 3616,POSPRODUCCIÓN 1,[]
LENG 1402,JAPONES 2,[]
DERE 3802,CONSULTORIO JURIDICO II,[]
IMEC 3460C,COMPL.SISTEMAS DE MANUFACTURA,[IMEC 3460]
PSIC 3962,DESARROLLO PSICOLOGICO,[]
FILO 6981,TUTORÍA DE INVESTIGACIÓN 1 DOC,[]
ARQU 3168,GESTION Y DESARROLLO PROY BIM,[]
FISI 4102,SEMINARIO 2 ALTAS ENERGIAS,[]
DISE 3149,E7: CHALLENGING EXTREMISM,[]
IELE 3338,ROBOTICA,[]
IIND 4215,CONTROL DE CALIDAD AVANZADO,[]
ICYA 4414,MODELACION CON ELEMENTOS FINIT,[]
ARQU 3822,TEORIA UI VIVIENDA,"[ARQU 3812, ARQU 3832]"
MUSI 3610,TRABAJO DE GRADO,[]
MEDI 2308,SISTEMA GASTROIN. Y NUTRICION,"[MEDI 2109, MEDI 2307, MEDI 2309, MEDI 2310, MEDI 2110, MEDI 3403]"
MEDI 3413,ORTOPEDIA,"[MEDI 3415, MEDI 3112, MEDI 3410, MEDI 3414, MEDI 3411, MEDI 3412]"
DERE 3903,INVESTIGACION DIRIGIDA,[]
IIND 2401C,REFUERZO ANALIS.DECISION INVER,[IIND 2401]
LENG 2611,ITALIANO 5: ITALIANO Y TEXTOS,[]
FISI 2992,ASTROFISICA ESTELAR,[]
ICYA 1116,ESTATICA,[]
IELE 3200,ELECTRÓNICA ANÁLOGA,[IELE 1999]
MUSI 3814,LITERATURA VOCAL 7,[]
FISI 4402,SEMINARIO 2 DE OPTICA CUANTICA,[]
MATE 6990,DEFENSA DE TESIS,[MATE 6989]
MEDI 3400,BITACORA SEMIOLOGIA I,[MEDI 2108]
MEDI 3415,TURNOS CLINICOS II,"[MEDI 3112, MEDI 3410, MEDI 3413, MEDI 3414, MEDI 3411, MEDI 3412]"
ARTE 3994,PRACTICA ACADEMICA OBLIGATORIA,[]
BIOL 2308,ECOLOGIA-TEO,[BIOL 2309]
IMEC 3700,SEMINARIO PROYECTOS,[]
MEDI 1104,PRINCIP. DEL DESARROLLO HUMANO,[MEDI 1103]
IELE 2002,TEORÍA ELECTROMAGNÉTICA,[]
ICYA 4213,TESIS 1 MICIV,[]
PSIC 3814,INFORME DE PRÁCTICA,"[PSIC 3811, PSIC 3815]"
MSIN 4206,COMPUTACIÓN FORENSE,[]
HIST 3103,SEMINARIO MONOGRAFIA DE GRADO,[]
GEOC 3039,LAB ESTRATIGR. Y SEDIMENTOLOG.,[GEOC 3038]
LENG 2411,JAPONES 5,[]
MUSI 1611,SOFTWARE MUSICAL 2,[]
ICYA 3103,PROYECTO GRADO ING AMBIENTAL,[]
CPOL 3100,SEM POLITICA COMPARADA,[]
MUSI 3504,COMPOS.MEDIOS COMPLEMENT.,[]
ADMI 2106,RESPONSABILIDAD SOCIAL,[]
MATE 1253,CALCULO 3 Y ALGEBRA LINEAL 1,[MATE 1252]
IIND 2104,MODELOS PROBABILISTICOS,[]
IQUI 3041,TALLER MODELAMIEN.Y SIMULACION,[IQUI 3039]
EDUC 6016,ELABORACION DE PROPUESTA III,[]
IMEC 1330L,LABORATORIO TERMODINÁMICA,[IMEC 1330]
LENG 6994,INGLES DOCTORADOS 4,[]
FISI 1028,FISICA II,[MATE 1108]
IBIO 4120L,LAB. DINÁMICA CARDIOVASCULAR,[IBIO 4120]
MATE 1209,"CALCULO 3 (ECONOMIA,ADMON)",[]
ANTR 3992,PRACTICA PROFESIONAL,[]
LENG 2224,ATELIER D’ÉCRITURE ACADÉMIQUE1,[]
GEOC 2028,MINERALES FORMADORES DE ROCAS,[GEOC 2029]
MEDI 1210,FARMACOLOGIA,"[MEDI 1216, MBIO 3503, MBIO 3502, MEDI 1212, MEDI 1211]"
CBIO 6925,PASANTIA 2,[]
LITE 1614,GRUPO DE TEATRO,[]
MBIT 4005,INTERCAMBIO INTERNACIONAL,[]
FISI 3434,ELECTROMAGNETISMO 2,[]
MUSI 2810,CANTO 4,[]
ARTE 1117,TALLER BASICO 2,[]
PSIC 3846,PSIC EN SIST INTEGR DE GESTION,[]
IELE 3138,SIST. ELECTRICOS INDUSTRIALES,[]
MUSI 3516,COMPOSICIÓN DE GRADO PARA CINE,[]
ARQU 2201,ARQUETIPOS EN ARQUITECTURA,[]
ARQU 3829,ANALISIS UI ARQU URBANA (C),"[ARQU 3823, ARQU 3828]"
QUIM 3350,ESTEREOQUÍMICA Y SELECTIVIDAD,[]
ANTR 2301,METODO DE ANALISIS LINGÜISTICO,[]
BIOL 3909,"TRABAJO GRADO, MONOG.PRAT.GRAD",[]
MEDI 3442,INTERNADO OBLIGATORIO URGENC.,"[MEDI 3439, MEDI 3437, MEDI 3438, MEDI 3440, MEDI 3441, MEDI 3436]"
PSIC 6990,SUSTENTACIÓN PROYECTO INV.,[]
FILO 3010,CODIGO DE MONOGRAFIA,[]
ECON 6202,MACROECONOMÍA LP DOC,[]
EDUC 6012,ELABORACIÓN DE PROPUESTA II,[]
MEDI 1106,MEDICINA SOCIAL,[MEDI 1105]
MSIN 4203,GERENCIA DE CSIRTS Y MAN INCID,[]
LENG 1703,PORTUGUES 3,[]
BIOL 3346,LIMNOLOGIA APLICADA,[]
MBIO 2310,BIOLOG. MOLECULAR DE LA CELULA,[]
PSIC 3916,PSICOANALISIS NIÑOS,[]
ISIS 1206,ESTRUCTURAS DE DATOS,[]
DISE 2607,TIPOGRAFIA EXPERIMENTAL,[]
MUSI 3612,ARMONIA POPULAR 2 ANALISIS Y,[]
ARTE 3603,PROYECTO NUEVO PENSUM,[]
IMEC 2320L,LAB TRANSFERENCIA DE CALOR,[IMEC 2320]
MATE 3125,LOGICA MODAL,[]
MBIO 2500,INMUNOLOGIA-TEO,[MBIO 2501]
MEDI 3411,CIRUGIA,"[MEDI 3415, MEDI 3112, MEDI 3410, MEDI 3413, MEDI 3414, MEDI 3412]"
MUSI 2202,PIANO COMPLEMENTARIO 6,[]
ADMI 2801,LA GESTION DE LO PUBLICO,[]
DISE 2616,FOTOGRAFÍA 2: PERSONAS,[]
ANTR 3180,ELECTIVA EN ANTROPOLOGIA,[]
IIND 3107,ING. DE MERCADEO,[]
IELE 1006,FUNDAMENTOS DE CIRCUITOS,[]
MEDI 2307,SISTEMA COMPOR. Y PSIQUIATRIA,"[MEDI 2109, MEDI 2308, MEDI 2309, MEDI 2310, MEDI 2110, MEDI 3403]"
MUSI 3611,ARMONIA POPULAR 1 ANALISIS Y,[]
ARQU 4302,TESIS 2,[]
MATE 3159,TEO INVARIANTES ALGORITMICA,[]
ADMI 3122,JUEGO GERENCIAL,[]
DISE 2357,COMUNICACIÓN 2,[]
ISIS 4426,DESARROLLO DE SOLUCIONES CLOUD,[]
PSIC 3706,TRABAJO DE GRADO 2 06,[]
FISI 1005,COLOQUIO 2 DE FISICA,[]
ICYA 3501,CALIDAD DEL AIRE Y METEOROLOGI,[]
MEDI 1216,PATOLOGIA,"[MBIO 3503, MEDI 1210, MBIO 3502, MEDI 1212, MEDI 1211]"
ICYA 4216,PROPUESTA DE TESIS MIAMB,[ICYA 4209]
ECON 2104,EVAL. ECONOMICA DE PROYECTOS,[]
IIND 4403,TEORIA DE LA DECISION,[]
ICYA 6963,PROYECTO DIRIGIDO 3,[]
DERE 1901,EXAMEN DE CICLO 1,[]
MUSI 1912,CANTO 3,[]
MEDI 3504,MODULO SELECTIVO I SALUD P. 1,"[MEDI 3417, MEDI 3418, MEDI 3416, MEDI 3419, MEDI 3420, MEDI 3113, MEDI 3422, MEDI 3434]"
BIOL 2303,INVERTEBRADOS-LAB,[BIOL 2302]
ARTE 1118,FOTO BÁSICA 2 :DIGITAL,[]
MEDI 3423,MEDICINA FISICA Y REHABILITA.,"[MEDI 3429, MEDI 3426, MEDI 3525, MEDI 3427, MEDI 3515, MEDI 3520, MEDI 3443, MEDI 3430, MEDI 3424, MEDI 3435, MEDI 3425, MEDI 3114]"
MATE 6904,PROYECTO DE TESIS 2,[MATE 6975]
MEDI 3419,UROLOGIA Y ONCOLOGIA,"[MEDI 3417, MEDI 3418, MEDI 3416, MEDI 3420, MEDI 3113, MEDI 3422, MEDI 3434, MEDI 3500]"
IMEC 2411L,LAB. INGENIERIA DE MATERIALES,[IMEC 2411]
IGEN 3129,TALLER INTEGRADO DE INNOVACIÓN,[]
QUIM 1102,LABORATORIO DE QUIMICA GENERAL,[QUIM 1101]
FISI 3020,MECANICA CUANTICA II,[]
MIIA 4001,TRABAJO PRACTICO 1,[]
FISI 1860,ELECTRONICA PARA CIENCIAS,[]
ISIS 3204,INFRAESTRUCTURA COMUNICACIONES,[]
MUSI 2401,CONJUNTO 3,[]
ANTR 3187,TRABAJO DIRIG EN ANTR VISUAL,[]
IELE 2500,SEÑALES,[MATE 1207]
FISI 1039,LABORATORIO DE ONDAS Y FLUIDOS,[FISI 1038]
ECON 3502,HIST.ANALISIS ECONOMICO,[]
MBIT 4201,EMPRENDIMIENTO Y COMERCIO ELEC,[]
GEOC 3049,LAB. SÍSMICA Y SISMOLOGÍA,"[FISI 2029, GEOC 3048]"
CBIO 6971,EXAMEN DE CANDIDATURA,[]
IMEC 2540,DINAMICA DE SISTEMAS MECANICOS,"[IMEC 2540L, IMEC 2797]"
ADMI 3615,MERCADEO DEPORTIVO,[]
BCOM 4991,TESIS 8 CR,[]
ECON 2102,MICROECONOMIA 3,[]
CSOF 5200,PROYECTO 2,[]
FISI 3013,SEM. QFT/FISICA-MATEMATICA,[FISI 3010]
IMEC 2210L,LABORATORIO MECANICA FLUIDOS,[IMEC 2210]
FISI 3701,SEMINARIO MATERIA CONDENSADA,[]
MUSI 3402,CONJUNTO 8,[]
CPOL 1500,FUNDAMENTOS DE METODOLOGIA,[]
CBIO 6803,SEMIN.INVESTIGACION DOC. L.D.2,[]
MUSI 3512,COMPOSICIÓN PARA LA IMAGEN III,[]
MUSI 3400,CONJUNTO 6,[]
ARQU 2101,PROYECTO HABITAR,[]
ADMI 2302,INVESTIGACION DE MERCADOS,[]
IELE 2210,SISTEMAS ELECTRONICOS DIGITALE,[]
PSIC 3705,TRABAJO DE GRADO 1 06,[]
MUSI 2504,COMPOSICION 1,[]
FILO 6970,EXAMEN DE CONOCIMIENTOS,[]
BIOL 1312,BIOLOGIA PARA PSICOLOGIA-TEO,[BIOL 1313]
HART 3990,SEMINARIO TRABAJO DE GRADO,[]
LENG 1116,INGLES 1 - LENGUAS Y CULTURA,[]
ARQU 1502,VISUALIZACION Y SIMULACIÓN ARQ,[]
ARQU 3931,ANALISIS UNIDAD AVANZADA GRP2,"[ARQU 3911, ARQU 1010, ARQU 3990, ARQU 3920]"
ICYA 4606,EVAL.DIAG.CONS.PAVIMENTOS,[]
IQUI 3012,LAB. OPERACIONES UNITARIAS,[IQUI 3010]
FISI 6119,SEMINARIO AVANZADO 9,[]
ICYA 3401,HIDROLOGIA,[ICYA 2402]
MUSI 2807,TALLER LÍRICO 3,[]
DISE 2606,MEDIO: GRÁFICA AVANZADA,[]
MUSI 1602,TECLADO 3,[]
MUSI 3615,PRE-PROYECTO PRODUCCIÓN,[]
QUIM 2001,PRINCIPIOS DE LA QUIMICA,[]
ICYA 4501,PROP. FISIC. SUEL. MECAN. ROCA,[]
ARQU 3854,TEORIA UI ARQU Y BELLEZA,"[ARQU 3852, ARQU 3853]"
EGOB 4110,SEMINARIO DE POSTGRADO II,[]
DERE 2402,ARGUMENTACION EN EL PROCESO PE,[]
ARTE 2110,DIBUJO Y OBJETO,[]
IIND 2201C,REFUERZO CONTROL DE PRODUCCION,[IIND 2201]
ISIS 4000,TESIS I,[]
MATE 1208,CALCULO VECTORIAL (HONORES),[]
MATE 4523,ESTAD NO PARAMET. Y REMUESTREO,[]
MBIO 2400,BIOESTADISTICA-TEO,[MBIO 2401]
IQUI 2090,PROYECTO DE MITAD DE CARRERA,[IQUI 2091]
MGAP 4414,POLIT.GEST.AMBIENTAL AMERICA,[]
ISIS 2503L,LAB. ARQUITEC. Y DISEÑO DE SW,[]
MUSI 2501,TALLER DE COMPOSICION 2,[]
LENG 1118,INGLES 3 - LENGUAS Y CULTURA,[LENG 1119]
ANTR 3178,SEM. ELECTIVO HOMOLOGADO 2,[]
LENG 1404,JAPONES 4,[]
BIOL 1300,BIOLOGIA DE ORGANISMOS-TEO,[BIOL 1301]
FISI 4099,TRABAJO DE GRADO (2),[]
FISI 6117,SEMINARIO AVANZADO 7,[]
IMEC 2543,DINAMICA DE MAQUINARIA,"[IMEC 2543L, IMEC 2797]"
ISIS 1105,DISEÑO Y ANALISIS DE ALGORI.,[]
ARTE 3200,ARTE Y PROCESOS CIENTIFICOS,[]
ECON 6987,INVESTIGACION TESIS DOCTORAL 8,[]
IIND 4406,GERENCIA FINANCIERA DEL RIESGO,[]
FISI 1019,FISICA EXPERIMENTAL I,[FISI 1018]
QUIM 1619,LAB FUNDAM ANÁLISIS QUÍMICO,[QUIM 1618]
ICYA 4308,PRESUP. ANÁLISIS CONTROL COSTO,[]
MEDI 3408,BITACORA CLINICA I,"[MEDI 3406, MEDI 3407, MEDI 3409, MEDI 3111, MEDI 2313, MEDI 2311, MEDI 2312]"
ARTE 3217,VIDEOGRAFIAS DE LA MEMORIA,[]
PSIC 3915,GETION Y DLLO.TALENTO HUMANO,[]
MEDI 3418,REANIMACION BASICA Y AVANZADA,"[MEDI 3417, MEDI 3416, MEDI 3419, MEDI 3420, MEDI 3113, MEDI 3422, MEDI 3434, MEDI 3500]"
ICYA 2402,HIDRAULICA,[ICYA 2001]
MDIS 4203,FUNDAMENTOS 3,[]
ICYA 4350,NIV. ING. GERENC. CONSTRUCCION,[ICYA 4209]
MEDI 3113,HABILIDADES DE COMUNICACION II,"[MEDI 3417, MEDI 3418, MEDI 3416, MEDI 3419, MEDI 3420, MEDI 3422, MEDI 3500]"
MATE 2506,PROBABILIDAD Y ESTADIST.(ECON),[MATE 124]
FISI 3401,SEMINARIO 1. OPTICA CUANTICA,[]
MBIT 4102,FINANZAS Y MERCADEO ESTRAT.,[]
MUSI 2407,INSTRUMENTO 7,[]
PSIC 2602,EVALUACION PSICOLÓGICA,[PSIC 2600]
IELE 1010,CIRCUITOS E INSTRUMENTACION,[]
LENG 1463,CONVERSA Y ESCRIT EN JAPONÉS 3,[]
MUSI 2205,ARMONIA 4,[]
MATE 3523,ESTAD NO PARAMET. Y REMUESTREO,[]
MATE 3712,TEORIA DE JUEGOS,[]
MBIT 4202,GOBIERNO DE TI,[]
MISO 4202,MEJOR. PRODUCT: AUTOMATIZACION,[]
MUSI 3406,RECITAL GRADO,[]
PSCL 4110,REVISTA DE CASOS CLÍNICOS II,[]
FISI 3040,FISICA ESTADISTICA,[FISI 3010]
IQUI 2020C,COMPL. TERMODINÁMICA,"[IQUI 2020, IQUI 2023]"
MEDI 2304,SISTEMA HEMATOPOYETI. Y NEOPL.,"[MEDI 2108, MEDI 2306, MEDI 2107, MEDI 2305, MEDI 2000, MEDI 2303, MEDI 2300, MEDI 3400, MEDI 2301]"
LENG 4998,TALLER LECTURA 2 POSTGRADO,[]
MATE 2301,ECUACIONES DIFERENCIALES,[]
MBIO 2101,BIOQUIMICA-LAB,[MBIO 2100]
MEDI 2107,ELEMENT. DE DECISION CLINICA I,"[MEDI 2108, MEDI 2306, MEDI 2304, MEDI 2305, MEDI 2000, MEDI 2303, MEDI 2300, MEDI 3400, MEDI 2301]"
MBIO 2304,PARASITOLOGIA-TEO,[MBIO 2305]
MUSI 3619,PRE-PROYECTO PRODUCCIÓN - 15,[]
BIOL 2311,VERTEBRADOS LAB,[BIOL 2310]
LENG 1103,INGLÉS 3,[]
MECA 4202,REGULACIÓN ECONÓMICA,[]
MINE 4101,CIENCIA DE DATOS APLICADA,[]
ECON 3761,SEM ANÁLISIS CONFLICTO ARMADO,[]
MATE 2507,PROB. Y ESTAD ASUNTOS PUBLICOS,[]
FISI 1023,LABORATORIO DE FISICA BASICA 2,[]
MUSI 2815,LITERATURA VOCAL 2,[]
ICYA 4807,TRANSPORTE PUBLICO Y MASIVO,[]
MEDI 3437,INTERNADO OBLIGATORIO CIRUGIA,"[MEDI 3439, MEDI 3438, MEDI 3442, MEDI 3440, MEDI 3441, MEDI 3436]"
MISO 4005,INTERCAMBIO INTERNACIONAL,[]
ARQU 2420,PROYECTO URBANO,[]
DISE 2100,ESTUDIO 3,[]
LENG 2212,FRANCES 6,[]
MBIO 2307,VIROLOGIA-LAB,[MBIO 2306]
ISIS 4217,PARADIGMAS DE PROGRAMACIÓN,[]
MBIO 2306,VIROLOGIA-TEO,[MBIO 2307]
MISO 4301,PROYECTO INTEGRADOR,[]
ECON 4643,RIESGOYVALORACIÓN DE DERIVADOS,[]
LITE 3346,SEMINARIO DE COLOMBIANA,[]
HIST 4801,TUTORIAL DE INV. 2- MHIST,[]
IMEC 3345,SISTEMAS CONVERSION DE ENERGIA,"[IMEC 3345L, IMEC 3997]"
MEDI 3443,PALS / REANIMACION PEDIATRICA,"[MEDI 3429, MEDI 3426, MEDI 3525, MEDI 3427, MEDI 3515, MEDI 3520, MEDI 3430, MEDI 3435, MEDI 3424, MEDI 3425, MEDI 3114, MEDI 3423]"
MBIO 3513,GENOMICA Y BIOINFORMATICA,[]
MUSI 2303,DIRECCION CORAL 2,[]
IMEC 4800,PROB. ESPECIAL MAGISTER,[IMEC 4997]
LITE 2406,GRIEGO II,[]
ARQU 3912,PROYECTO UNIDAD AVANZADA GRP3,"[ARQU 3932, ARQU 1010, ARQU 3990, ARQU 3920]"
ICYA 4530,ANALISIS DE RIESGO,[]
IMEC 4702,TESIS 2,[IMEC 4997]
MATE 6971,EXAMEN DE CONOCIMIENTO 2,[]
ICYA 1122,MATERIALES EN INGENIERIA CIVIL,[]
MEDI 3542,INTERNADO SELECTIVO HOS. CL. 3,"[MEDI 3530, MEDI 3432, MEDI 3535]"
MADM 4550,ESTRATEGIA,[]
QUIM 6987,TESIS 7 (DOCTORADO),[]
FISI 6984,TESIS IV,[]
MBIO 3601,FITOPATOLOGIA-LAB,[MBIO 3600]
MUSI 1911,CANTO 2,[]
IQUI 3501,PROYECTO ESPECIAL,[]
MUSI 1903,LITERATURA VOCAL 1,[]
IELE 3208,TALLER DE ELECTRONICA,[]
MEDI 2306,SISTEMA RESPIRATORIO,"[MEDI 2108, MEDI 2304, MEDI 2107, MEDI 2305, MEDI 2000, MEDI 2303, MEDI 2300, MEDI 3400, MEDI 2301]"
IBIO 4120,DINÁMICA CARDIOVASCULAR,[IBIO 4120L]
MATE 6985,PRETESIS 5,[]
FILO 6983,TUTORÍA DE INVESTIGACIÓN 3 DOC,[]
MUSI 3404,INSTRUMENTO 9,[]
ISIS 4005,INTERCAMBIO INTERNACIONAL,[]
MISO 4101,PROCESOS DE DESARROLLO AGILES,[]
LENG 1604,ITALIANO 4,[]
CONT 1221,TALLER DE COMUNICACIÓN ORAL,[]
ARTE 2116,GRABADO EN METAL,[]
FISI 3042,TOPICOS EN MECANICA ESTADISTIC,[]
ISIS 4002,TUTORIAL,[]
FILO 3992,PRACTICA DE MEDIO TIEMPO,[]
MUSI 3505,COMPOSICION GRADO,[]
IMEC 2520L,LABORATORIO MEC. SÓL. DEFORMAB,[IMEC 2520]
MUSI 3301,DIRECCION CORAL 4,[]
DADM 6985,SEMINARIO DE TESIS V,[]
MBIO 2302,BIOLOGIA DE HONGOS-TEO,[MBIO 2303]
MEDI 3427,URGENCIAS,"[MEDI 3429, MEDI 3426, MEDI 3525, MEDI 3515, MEDI 3520, MEDI 3443, MEDI 3430, MEDI 3424, MEDI 3435, MEDI 3425, MEDI 3114, MEDI 3423]"
QUIM 1211,LABORATORIO DE QUIMICA INORG.I,[]
ARQU 3810,PROY. UNIDAD INTERM. FORMA,"[ARQU 3830, ARQU 3820]"
FISI 1022,FISICA BASICA 2,[]
IQUI 3991,PRACTICA PROFESIONAL 6,[]
FISI 6116,SEMINARIO AVANZADO 6,[]
IIND 4107,PROCESOS ESTOCASTICOS,[]
IMEC 3460,SISTEMAS DE MANUFACTURA,"[IMEC 3460C, IMEC 3997]"
ECON 3730,SEM TEMAS MONETARIOS-BANCARIOS,[]
ISIS 3302,"MODELADO, SIMULACION Y OPTIMIZ",[]
MUSI 3513,COMPOSICIÓN PARA LA IMAGEN IV,[]
ICYA 4302,PLANIF. CONSTR. LEAN CONSTRUCT,[]
ICYA 4138,HIDROLOGIA URBANA,[]
ARQU 3990,INSCRIPCION A GRADO,[ARQU 1010]
ECON 3762,ECONOMÍA POLÍTICA DE GÉNERO,[]
FISI 3028,MÉT. COMPUTACIONALES AVANZADOS,[]
IMEC 2411,INGENIERÍA DE MATERIALES,"[IMEC 2411L, IMEC 2797]"
MEDI 2300,GENÉTICA MÉDICA,"[MEDI 2108, MEDI 2306, MEDI 2304, MEDI 2107, MEDI 2305, MEDI 2000, MEDI 2303, MEDI 3400, MEDI 2301]"
LENG 1704,PORTUGUES 4,[]
IIND 2103,PRINCIPIOS OPTIMIZACION,[]
QUIM 3516,QUIMICA COMPUTACIONAL,[]
EGOB 4122,PROYECTO DE GRADO APLICADO II,[]
EDUC 6009,COLOQUIO DE INVESTIGACION V,[]
HIST 3991,PRACTICA PROFESIONAL,[]
MUSI 1416,INSTRUMENTO 2 - 15,[]
ISIS 1001,INTROD. INGENIERIA DE SISTEMAS,[ISIS 1002]
CPOL 6990,SUSTENTACION DE TESIS,[]
EDUC 6013,INVESTIGACION DOCTORAL,[]
ISIS 3204L,LAB INFRAEST DE COMUNICACIONES,[]
CBIO 6983,TESIS DOCTORADO 4,[]
QUIM 1302,LAB DE QUIMICA ORGANICA,[QUIM 1301]
FISI 4902,SEM.2 ASTRONOMIA Y ASTROFISICA,[]
IIND 4002,TESIS 1,[]
LENG 1225,EXPRESSION ORALE ET PHONÉTIQUE,[]
FILO 4811,TUTORÍA DE INVESTIGACIÓN 2,[]
MBIO 2301,BACTERIOLOGIA-LAB,[MBIO 2300]
ARQU 3832,ANÁLISIS UI VIVIENDA,"[ARQU 3822, ARQU 3812]"
ANTR 3993,PRACTICA DE GRADO,[]
EDUC 6011,PASANTIA DOCTORAL,[]
GEOC 3038,ESTRATIGRAFÍA Y SEDIMENTOLOGÍA,[GEOC 3039]
ARQU 3932,ANÁLISIS UNIDAD AVANZADA GRP3,"[ARQU 3912, ARQU 1010, ARQU 3990, ARQU 3920]"
CBIO 4912,TESIS MAESTRIA 1,[]
HIST 3106,ASIST. INVESTIGACION GRADO,[]
MATE 4173,ALGEBRA ABSTRACTA 2,[]
MEDI 3503,MODULO SELECTIVO I INVESTIG. 1,"[MEDI 3417, MEDI 3418, MEDI 3416, MEDI 3419, MEDI 3420, MEDI 3113, MEDI 3422, MEDI 3434]"
MINE 4103,ADMIN. DEL CONOCIMIENTO,[]
MEDI 1999,REQUISITO DE VACUNAS 3 SEMEST.,"[MEDI 1209, MEDI 1208, MEDI 1200]"
MEDI 2301,PARASITOLOGIA MEDICA,"[MEDI 2108, MEDI 2306, MEDI 2304, MEDI 2107, MEDI 2305, MEDI 2000, MEDI 2303, MEDI 2300, MEDI 3400]"
ANTR 2106,ETNOHISTORIA AMERICANA,[]
ICYA 4608,MATERIALES ASFÁLTICOS,[]
MGEO 4504,MAPA,[]
IELE 3420,INGENIERIA DE TELETRAFICO,[]
DISE 3146,ESTUDIO 6: INTERACCIÓN,[]
MINE 4102,ANALISIS INFORM SOBRE BIG DATA,[]
MPER 4300,INVESTIGACIÓN EN PERIODISMO,[]
ARQU 3930,ANÁLISIS UNIDAD AVANZADA,"[ARQU 3910, ARQU 1010, ARQU 3990, ARQU 3920]"
IQUI 2024,LAB. EQUILIBRIO,[IQUI 2021]
PSIC 2317,PSICOLOGÍA DE LA MEMORIA,[PSIC 2706]
MUSI 2415,INSTRUMENTO 5 - 15,[]
ARQU 1111,TALLER DE COMPOSICION 1,"[DISE 1000, ARQU 1503]"
IIND 2302C,COMPL. PENS SISTE ORGANIZACION,[IIND 2302]
IIND 4341,ING. SISTÉMICA Y CREATIVIDAD,[]
PSIC 3600,OPCION GRADO MATERIAS MAESTRIA,[]
CIDE 4135,TUTORIAL DE INVESTIGACIÓN,[]
QUIM 2518,FUNDAMENTOS DE FISICOQUÍMICA,[QUIM 2519]
ICYA 3305,ESTRUCTURAS GEOTECNICAS,[]
MATE 3904,SEMINARIO PROYECTO DE GRADO 1,[]
ARQU 3933,ANÁLISIS UNIDAD AVANZADA GRP4,"[ARQU 3913, ARQU 1010, ARQU 3990, ARQU 3920]"
ECON 3739,SEM SINDICALISMO Y MOV.SOCIALE,[]
ICYA 2406,POTABILIZACION,[]
LENG 2115,INGLES 5 - LENGUAS Y CULTURA,[LENG 2117]
MUSI 2808,TALLER LÍRICO 4,[]
DERE 3801,CONSULTORIO JURIDICO I,[]
FISI 3760,FISICA DEL ESTADO SOLIDO,[]
MBIO 3101,BIOL.CELU Y MOLEC.PROCAR.-LAB,[MBIO 3100]
MEDI 3426,COMP. HUMANO: TOXI. Y SEXUALI.,"[MEDI 3429, MEDI 3525, MEDI 3427, MEDI 3515, MEDI 3520, MEDI 3443, MEDI 3430, MEDI 3424, MEDI 3435, MEDI 3425, MEDI 3114, MEDI 3423]"
MEDI 3432,BITACORA CLINICA V,"[MEDI 3530, MEDI 3540, MEDI 3535]"
ARQU 3325,SEM. ESTRUCTURAS MADERA,[]
MUSI 3313,CONCIERTO DE GRADO - 15,[]
FILO 2000,LOGICA 2,[]
ARTE 3117,FOTO PAISAJE,[]
ICYA 2401,MECANICA DE FLUIDOS,[]
ARTI 4205,ARQUITECTURA PROCESOS NEGOCIO,[]
EGOB 4109,TÉCNICAS DE ANÁLISIS DATOS II,[]
HIST 6970,TUTORIAL DE INV. IV- DHIST,[]
MATE 1505,PROB. Y ESTADISTICA 1,[]
MEDI 3543,INTERNADO SELECTIVO INVESTI. 3,"[MEDI 3530, MEDI 3432, MEDI 3535]"
MEDI 2109,ELEMEN. DE DECISION CLINICA II,"[MEDI 2307, MEDI 2308, MEDI 2309, MEDI 2310, MEDI 2110, MEDI 3403]"
ARQU 3920,TEORIA UNIDAD AVANZADA,"[ARQU 3910, ARQU 3930]"
ECON 3501,HISTORIA ECONOMICA DE COLOMBIA,[]
ISIS 2603L,LAB DLLO DE SW EN EQUIPO,[]
LENG 2612,ITALIANO 6,[]
ARTE 2207,ARTE SONORO,[]
BIOL 3201,GENETICA EVOLUTIVA-LAB,[BIOL 3200]
DISE 2308,PRODUCTO 3,[]
GEOC 3303,GEOSTATISTICS,[FISI 1028]
LENG 4994,TALLER DE LECTURA 2 - CIFE,[]
ANTR 3102,PENSAM. ANTROPOLOGICO COLOMB.,[]
FISI 6115,SEMINARIO AVANZADO 5,[]
QUIM 4900,TESIS I,[]
MEDI 3500,MODULO SELECTIVO I ADMINIST. 1,"[MEDI 3417, MEDI 3418, MEDI 3416, MEDI 3419, MEDI 3420, MEDI 3113, MEDI 3422, MEDI 3434]"
ANTR 3195,INVESTIGACION DIRIGIDA GRADO,[]
ARQU 1010,PORTAFOLIO REQUISITO DE GRADO,[ARQU 3990]
BIOL 2310,VERTEBRADOS TEO,[BIOL 2311]
FISI 1038,ONDAS Y FLUIDOS,[MATE 1207]
ARTE 2100,DIBUJO DEL CUERPO,[]
IIND 3312,EMPREND.INNOVAC.EN INGE,[]
MEDI 1102,HABILIDADES DE COMUNICACIÓN I,[]
ICYA 1110,QUIMICA AMBIENTAL,[]
MBIO 3602,MICROBIOLOGIA DE ALIMENTOS-TEO,[MBIO 3603]
ISIS 1205,ALGORITMICA Y PROGR. OBJ. II,[]
PSIC 4107,DISEÑO PROY INV III COLOQ II,[]
FISI 1018,FISICA I,[MATE 1203]
MEDI 2313,SISTEMA REPRODUCTIVO,"[MEDI 3406, MEDI 3407, MEDI 3408, MEDI 3409, MEDI 3111, MEDI 2311, MEDI 2312]"
MUSI 2817,LITERATURA VOCAL 4,[]
DEIN 4404,TRABAJO DE GRADO,[]
LENG 2315,KREATIVES SPRECHEN UND SCHREIB,[]
IIND 2301C,REFUERZO DINÁMICA DE SISTEMAS,[IIND 2301]
MEDI 1218,BIOQUIMICA,[]
MEDI 3516,MODULO SELECTIVO II AT. PRI. 1,"[MEDI 3429, MEDI 3426, MEDI 3525, MEDI 3427, MEDI 3520, MEDI 3443, MEDI 3430, MEDI 3424, MEDI 3435, MEDI 3425, MEDI 3114, MEDI 3423]"
ISIS 2203,INFRAESTRUCTURA COMPUTACIONAL,[]
MISO 4206,ARQUITECTURA SW ÁGIL,[]
DERE 3609,CONCURSO PHILIP JESSUP,[]
IBIO 6962,PROYECTO DIRIGIDO 2,[]
ICYA 3102,PROYECTO DE GRADO ING. CIVIL,[]
SPUB 4105,EPIDEMIOLOGÍA AVANZADA,[]
IELE 2901,MONITORIA ING ELECTR-ELECTRO 2,[IELE 2900]
DDER 6203,SEMINARIO DE INVESTIGACION,[]
IIND 3218C,REFUERZO FUND. CALIDAD,[IIND 3218]
MEDI 3534,INTERNADO SELECTIVO SALUD P.1,"[MEDI 3432, MEDI 3540, MEDI 3535]"
PSIC 2601,PSICOMETRIA,[]
QUIM 3215,LABORATORIO QUIMICA INORG. III,[]
IELE 1002,FUNDAMENTOS DE CIRCUITOS,[]
MEDI 3412,OFTALMOLOG. Y OTORRINOLARINGO.,"[MEDI 3415, MEDI 3112, MEDI 3410, MEDI 3413, MEDI 3414, MEDI 3411]"
ICYA 3079,PROY. FINAL DISEÑO ING. AMB.,"[ICYA 3601, ICYA 1125, ICYA 3501, ICYA 3408, ICYA 3702]"
ARTE 2108,FUNDAMENTOS DE DIBUJO,[]
DERE 2502,PROTECCIÓN LABORAL,[]
ARQU 2203,ARQUITECTURA MODERNA,[]
MUSI 2812,CANTO 6,[]
ICYA 4119,GESTIÓN DE LODOS,[]
MEDI 3522,MODULO SELECTIVO II HOS. CL. 2,"[MEDI 3429, MEDI 3426, MEDI 3525, MEDI 3427, MEDI 3515, MEDI 3443, MEDI 3430, MEDI 3424, MEDI 3435, MEDI 3425, MEDI 3114, MEDI 3423]"
PSIC 2316,PSICOLOGIA DE LA PERCEPCION,[PSIC 2706]
ARTI 4106,ARQUITECTURA EMPRESARIAL,[]
EDUC 6005,COLOQUIO DE INVESTIGACION II,[]
IQUI 4301,TESIS I,[]
ARQU 3860,TEORÍA UI INTERDISC COLOMBIA,"[ARQU 3858, ARQU 3859]"
ECON 6982,INVESTIGACION TESIS DOCTORAL 3,[]
IELE 3330,TALLER DE CONTROL,[]
IIND 1001,PROGRAMA DE ACOMPAÑAMIENTO,[IIND 1000]
MDER 4401,MONOGRAFIA DE GRADO,[]
MATE 2101,ALGEBRA ABSTRACTA 1,[]
MUSI 1210,PIANO COMPLEMENTARIO 3,[]
IELE 1502,SISTEMAS DINÁMICOS,[]
ECON 2203,INTRODUCCIÓN A LA MACRO,[]
IQUI 3001C,COMPL. PROC. SEPARACION,[IQUI 3001]
MBIO 2100,BIOQUIMICA-TEO,[MBIO 2101]
IQUI 3040,OPTIMIZACION PROCESOS QUIMICOS,"[IQUI 3001, IQUI 3042]"
LITE 2100,TEORIA LITERARIA 2,[]
MUSI 3813,LITERATURA VOCAL 6,[]
MINE 4005,INTERCAMBIO INTERNACIONAL,[]
IQUI 2300C,COMPL. ING. REACCIONES,[IQUI 2300]
ECON 3602,MEMORIA DE GRADO,[]
MEDI 1219,LABORATORIO DE ANATOMIA,"[MEDI 1999, MEDI 1209, MEDI 1208]"
QUIM 1105,APLICACIONES DE QUÍMICA,[]
FISI 6986,TESIS VI,[]
ICYA 4503,DIS. GEOTEC. CONFIAB. Y ANALIS,[]
ISIS 2804,LAB MARATONES PROGRAMACION,[]
MUSI 2206,ARMONIA 5,[]
ARQU 3992,PRACTICA INSTITUC.TIEMPO PARCI,[]
MEDI 3530,INTERNADO SELECTIVO ADMIN. 1,[LENG 3999]
ARQU 3351,ARQU EN TIERRA CRUDA,[]
MEDI 3435,BITACORA CLINICA IV,"[MEDI 3429, MEDI 3426, MEDI 3525, MEDI 3427, MEDI 3515, MEDI 3520, MEDI 3443, MEDI 3430, MEDI 3424, MEDI 3425, MEDI 3114, MEDI 3423]"
QUIM 1618,FUNDAMENTOS ANÁLISIS QUÍMICO,[]
ARTE 2114,OBJETO Y CONTEXTO,[]
MUSI 2821,RECITAL MITAD DE CARRERA CANTO,[]
MUSI 2816,LITERATURA VOCAL 3,[]
IIND 4108,APLICA.EN INVEST.DE OPERACI.,[]
MEDI 3425,PSIQUIATRÍA,"[MEDI 3429, MEDI 3426, MEDI 3525, MEDI 3427, MEDI 3515, MEDI 3520, MEDI 3443, MEDI 3430, MEDI 3424, MEDI 3435, MEDI 3114, MEDI 3423]"
ECON 3402,TEORIA POLIT.MONETARIA,[]
ISIS 3007,PROYECTO DE GRADO,[ISIS 3990]
LITE 3405,SEMINARIO DE GRIEGO IV,[]
MEDI 3430,PROYECTO DE GRADO II,"[MEDI 3426, MEDI 3525, MEDI 3427, MEDI 3515, MEDI 3520, MEDI 3443, MEDI 3424, MEDI 3435, MEDI 3425, MEDI 3114, MEDI 3423]"
LENG 1203,FRANCÉS 3,[]
IQUI 3106,FUND CIENCIA INGEN POLIMEROS,[]
EGOB 4113,SEMINARIO DE POSTGRADO III,[]
QUIM 2313,LAB. QUIMICA ORGANICA II,[]
IELE 2000,ANALISIS Y SINTESIS CIRCUITOS,[MATE 2230]
ICYA 4136,MODELAC. CONTAMINACION ATMOSF.,[]
ISIS 2008,VISIÓN ISIS,[ISIS 2007]
IBIO 2780,PROYECTO DE DISEÑO 1,"[DISE 1000, LENG 1501]"
ICYA 4320,GERENCIA PROY. INMOBILIARIOS,[]
ECON 3743,APLIC EMPIR EN ECON POLITICA,[]
PSIC 3921,APREN. DENTRO-FUERA DE ESCUELA,[]
PSCL 4102,PSICOLOGÍA CLÍNICA III,[]
BIOL 3324,BIOLOGIA DE LA CONSERVACION,[BIOL 3325]
MATE 4330,ANALISIS FUNCIONAL,[]
MEDI 3410,ANESTESIOLOGIA,"[MEDI 3415, MEDI 3112, MEDI 3413, MEDI 3414, MEDI 3411, MEDI 3412]"
IMEC 3701,PROYECTO GRADO,[IMEC 4997]
ADMI 3109,PLANES DE NEGOCIOS,[]
IMEC 3702,PROBLEMA ESPECIAL,[IMEC 4997]
MINE 4201,SISTEMAS DE RECOMENDACIÓN,[]
MBIO 1101,BIOLOGIA CELULAR-LAB,[MBIO 1100]
MUSI 3502,COMPOSICION 3,[]
BIOL 2309,ECOLOGIA-LAB,[BIOL 2308]
MDER 4303,TUTORIA III,[]
EDUC 4028,SEMINARIO INVESTIGACIÓN-ACCIÓN,[]
QUIM 1101,QUIMICA GENERAL,[QUIM 1102]
DERE 3834,CJ-I CONCILIACION,[DERE 3802]
IMEC 1503C,COMPL.DISEÑO GRÁFICO INGEN,[IMEC 1503]
ARQU 3858,PROY UI INTERDISC COLOMBIA,"[ARQU 3859, ARQU 3860]"
MBIO 2310C,COMP.BIOLOG.MOLECULAR CELULA,[]
IIND 2106C,REFUERZO PROBA Y ESTAD I,[IIND 2106]
MUSI 2200,PIANO COMPLEMENTARIO 4,[]
MEDI 3538,INTERNADO SELECT. INVEST. 2,"[MEDI 3530, MEDI 3432, MEDI 3540]"
MUSI 2403,CONJUNTO 5,[]
ARTE 3114,PINTURA EXPERIMENTAL,[]
PSIC 3892,BEYOND CBT,[]
IQUI 2104,LAB. FENOMENOS TRANSPORTE 2,[IQUI 2102]
PSCL 4400,INVESTIGACIÓN DIRIGIDA,[]
FISI 6974,PASANTIA III,[]
MUSI 2203,ENTREN AUDITIVO 4,[]
ARTE 3201,ESPACIOS ELECTRONICOS,[]
MUSI 2825,PIANO APLICADO 4 - 15,[]
ECON 3626,INTR ECON URB Y DEL TRANSPORTE,[]
MATE 1203,CALCULO DIFERENCIAL,[]
MATE 1207,CALCULO VECTORIAL,[]
FISI 1049,LABORATORIO DE FISICA MODERNA,[FISI 1048]
HIST 6984,TUTORIAL DE INV. VI- DHIST,[]
QUIM 6961,PROYECTO DIRIGIDO,[]
MUSI 2210,CONTRAPUNTO AVANZADO 1,[]
ADMI 3431,MARKETING DIGITAL,[]
CPOL 3200,SEM RELACIONES INTERNACIO,[]
QUIM 2314,QUIMICA ORGANICA III,[]
FISI 6990,SUSTENTACIÓN DE TESIS,[]
MUSI 2620,ACÚSTICA MUSICAL,[]
FISI 4602,SEMINARIO 2 DE GEOFISICA,[]
MECU 4202,TUTORIA DE INVESTIGACION I,[]
IBIO 2240,PROGRAMACION CIENTIFICA,[IBIO 2241]
MATE 4512,DINÁMICA ESTOCÁSTICA,[]
LENG 1304,ALEMAN 4,[]
BIOL 3907,"TRABAJO GRADO, MONOGR, PRAC.GR",[]
IIND 2106,PROBABILIDAD Y ESTADÍSTICA I,[]
MEDI 3112,SISTEMAS DE SALUD II,"[MEDI 3415, MEDI 3410, MEDI 3413, MEDI 3414, MEDI 3411, MEDI 3412]"
LENG 2211,FRANCES 5,[]
ARQU 3830,ANÁLISIS UI FORMA,"[ARQU 3820, ARQU 3810]"
MEDI 1209,HISTOLOGIA,"[MEDI 1999, MEDI 1208, MEDI 1219, MEDI 1200]"
ARQU 3820,TEORIA UI FORMA,"[ARQU 3830, ARQU 3810]"
ISIS 3510,CONSTR. APLICACIONES MÓVILES,[]
BIOL 2201,GENETICA-LAB,[BIOL 2200]
MGEO 4503,EJERCICIO ESCRITO,[]
DISE 3152,E6: PROD. Y SERVICIOS MÉDICOS,[]
MBIT 4210,TI PARA SECTOR PÚBLICO,[]
CPOL 6975,EX AREA MAYOR-POL COLOMBIANA,[]
MUSI 3601,TALLER DE GRABACION 2,[]
IQUI 2023,LAB. TERMODINAMICA,"[IQUI 2020, IQUI 2020C]"
ISIS 2304,SISTEMAS TRANSACCIONALES,[]
ISIS 3710,PROGR CON TECNOLOGIAS WEB,[]
ARQU 1121,TALLER DE COMPOSICION 2,[DISE 1000]
MUSI 2608,TALLER DE GRABACION 1,[]
ARTE 2205,COMPOSICION EN MOVIMIENTO,[]
MATE 6986,PRETESIS 6,[]
MATE 1252,CALCULO INTEGRAL-PROBABILIDAD,[]
MUSI 3606,PRODUCCION MUSICAL 1,[]
ICYA 3203,GERENCIA PROY CONSTRUCCION,[]
CPOL 6972,EX AREA MAYOR-RELACIONES INTER,[]
GEOC 2029,LAB MINER. FORMADORES DE ROCAS,[GEOC 2028]
MUSI 2408,CONJUNTO CUERDAS,[]
IMEC 2210,MECANICA FLUIDOS,"[IMEC 2210L, IMEC 2797]"
IQUI 2091,TALLER PMC,[IQUI 2090]
MBIT 4206,INTEGRACIÓN SIST. INFORMAC.,[]
QUIM 3221,NANOCIENCIAS PARA QUÍMICOS,[]
LENG 1102,INGLÉS 2,[]
ARTE 3602,ANTEPROYECTO NUEVO,[]
MBIT 4303,TESIS 2,[]
ARTI 4203,ARQUITECTURA DE INFRAESTRUCTUR,[]
PSIC 2504,PSICOL SOCIAL EXPERIM,[]
DADM 6990,SUSTENTACION DISERTACION,[DADM 6985]
MUSI 3613,ACUSTICA,[]
QUIM 1111,QUIMICA EXPERIMENTAL,[QUIM 1000]
ARTE 2119,DIBUJO Y ESPACIO,[]
FISI 3472,OPTICA CUANTICA (TEO. Y PRACT),[FISI 3020]
DISE 3150,ESTUDIO 7: BIODESIGN CHALLENGE,[]
IBIO 2250,FENÓMENOS DE TRANSPORTE BIOLÓG,[IBIO 2251]
MEDI 3414,BITACORA CLINICA II,"[MEDI 3415, MEDI 3112, MEDI 3410, MEDI 3413, MEDI 3411, MEDI 3412]"
MBIO 3600,FITOPATOLOGIA-TEO,[MBIO 3601]
IELE 2009,COMPUTACION CIENTIFICA EN IEE,[MATE 2230]
IQUI 2021C,COMPL. EQUILIBRIO,"[IQUI 2021, IQUI 2024]"
MUSI 1603,TECLADO 4,[]
DECA 1102,PRACTICA SOCIAL 2,[]
LENG 3931,SEMINARIO DOCENCIA 2,[LENG 3921]
DISE 2101,ESTUDIO 4,[]
IIND 2202C,COMPL. FUNDAMENTOS PRODUCCIÓN,[IIND 2202]
MUSI 2213,MORFOLOGIA 2,[]
ECON 6402,SEMINARIO INVESTIGACION 2 DOC,[]
RJUR 5584,DERECHO TRIBUTARIO ESPECIAL II,[]
GEOC 3069,LAB.SENSORE REMOTOS SIG Y GPS,[GEOC 3068]
ICYA 3308,INGENIERIA DE PAVIMENTOS,[]
MATE 1215,CALC. INTEGR-ECUAC.DIFER (HON),[]
BIOL 2302,INVERTEBRADOS-TEO,[BIOL 2303]
IELE 3206,INSTRUMENTACION ELECTRONICA,[]
FISI 6988,TESIS VIII,[]
IMEC 2700,PROYECTO INTERMEDIO,[IMEC 2797]
GEOC 3050,SEMINARIO DE GEOCIENCIAS,[]
IQUI 3042,TALLER DE OPTIMIZACION,[IQUI 3040]
LENG 2228,GRAMMAIRE EN CONTEXTE,[]
MUSI 2414,INSTRUMENTO 4 - 15,[]
IIND 2107,PROBABILIDAD Y ESTADISTICA II,[]
MATE 3101,ALGEBRA ABSTRACTA 2,[]
MATE 6981,PRETESIS 2,[]
LENG 1117,INGLES 2 - LENGUAS Y CULTURA,[LENG 1119]
DISE 2307,PRODUCTO 2,[]
LENG 1204,FRANCÉS 4,[]
ARQU 2102,PROYECTO TECTONICA,[]
DISE 2358,COMUNICACIÓN 3,[]
MUSI 1202,ARMONIA 1,[]
ICYA 3408,TRATAMIENTO AGUAS RESIDUALES,[]
PSIC 2707,DISEÑO Y ANÁLISIS DE INV. 2,[]
ECON 4666,MACROECONOMIA FINANCIERA,[]
FISI 2007,METODOS MATEMATICOS,[]
IIND 3113C,REFUERZO SIMULA. EVENT.DISCRET,[IIND 3113]
DISE 1106,ESTUDIO 1,[DISE 1000]
MEDI 3541,INTERNADO SELECTIVO AT. PRI. 3,"[MEDI 3530, MEDI 3432, MEDI 3535]"
DERE 3615,CONCURSO ELSA WTO MOOT COURT,[]
MEDI 1105,EPIDEMIOLOGIA,[MEDI 1106]
MUSI 2502,INSTRUMENTACION 1,[]
IIND 3311C,COMPL. ESTRAT. ORGANIZACIONAL,[IIND 3311]
ARQU 3913,PROYECTO UNIDAD AVANZADA GRP4,"[ARQU 3933, ARQU 1010, ARQU 3990, ARQU 3920]"
IMEC 2543L,LAB DINAMICA DE MAQUINARIA,[IMEC 2543]
ECON 6988,INVESTIGACION TESIS DOCTORAL 9,[]
FISI 6972,EXAMEN DE CANDIDATURA,[FISI 6202]
LENG 2311,ALEMAN 5,[]
MATE 2210,CALC VARIABLE COMPL (INGENIER),[MATE 114]
MBIT 4207,NEGOCIO PRODUCCIÓN OPERACIÓN,[]
PSIC 3869,NEUROCIENCIAS COGNITIVAS,[]
MUSI 1910,CANTO 1,[]
ICYA 4422,ANALISIS AVANZADO ESTRUCTURAS,[]
CBIO 6981,TESIS DOCTORADO 2,[]
ECON 4651,APLIC EMPIR EN ECON POLITICA,[]
ARQU 3853,ANALISIS UI ARQU Y BELLEZA,"[ARQU 3852, ARQU 3854]"
IIND 3301,SISTEMAS PUBLICOS,[]
MISO 4303,TESIS II,[]
MGPD 4430,TRABAJO DE CAMPO II,[]
MUSI 2619,TECNOLOGÍA DEL AUDIO 2,[]
MUSI 3501,ORQUESTACION 2,[]
MATE 3993,PRACTICA EMPRESARIAL 1 (TC),[]
PSIC 2503,PSICOLOGÍA SOCIAL CRÍTICA,[]
ANTR 3103,TEORIAS ANTROPOL.CONTEMPOR.,[]
ANTR 3600,OPCION GRADO MATERIAS MAESTRIA,[]
ANTR 3183,TRABAJO DIRIG ANTR BIOLOGICA,[]
BIOL 3303,FISIOLOGIA VEGETAL-LAB,[BIOL 3302]
PSIC 3800,PSICOLOGIA APLICADA,[]
ECON 4662,INTRO ANALIS ESPACIAL DE DATOS,[]
FISI 3101,SEMINARIO DE ALTAS ENERGIAS,[]
IELE 3108,TALLER DE SISTEMAS DE POTENCIA,[]
MUSI 2302,DIRECCION CORAL 1,[]
MUSI 2822,PIANO APLICADO 1 - 15,[]
ISIS 4001,TESIS II,[]
MSIN 4005,INTERCAMBIO INTERNACIONAL,[]
BIOL 3200,GENETICA EVOLUTIVA-TEO,[BIOL 3201]
FISI 6976,PASANTIA V,[]
LENG 2114,INGLES 4 - LENGUAS Y CULTURA,[]
MBIO 3502,MICROBIOLOGIA MEDICA-TEO,[MBIO 3503]
MATE 4426,GRUPOS DE LIE,[]
LENG 1101,INGLÉS 1,[]
DISE 2132,ESTUDIO 5: DESARROLLO,[]
HIST 3101,MONOGRAFIA DE GRADO,[]
IMEC 3345L,LAB DE SIST DE CONV DE ENERGIA,[IMEC 3345]
MEDI 2000,REQUISITO DE VACUNAS 5° SEM,"[MEDI 2108, MEDI 2306, MEDI 2304, MEDI 2305, MEDI 2107, MEDI 2303, MEDI 2300, MEDI 3400, MEDI 2301]"
ECON 3704,DERIVADOS FINANCIEROS,[]
MUSI 3303,CONCIERTO GRADO,[]
ISIS 4820,AMBIENTES INTERACTIVOS 3D,[]
ANTR 2201,ARQUEOLOGIA COMPARADA,[]
ARTE 2113,PINTURA Y ESPACIO,[]
MIIA 4005,TRABAJO PRÁCTICO DE GRADO 2,[]
MUSI 1209,PIANO COMPLEMENTARIO 2,[]
FILO 2110,HEGEL,[]
MPER 4401,GENEROS PERIODISTICOS 2,[]
IBIO 4780,TESIS I,[]
ECON 3747,ECON DEL COMPORTAMIENTO Y EXPE,[]
IQUI 2102,FENOMENOS DE TRANSPORTE 2,"[IQUI 2104, IQUI 2102C]"
MUSI 3405,INSTRUMENTO 10,[]
MUSI 1208,PIANO COMPLEMENTARIO 1,[]
ICYA 3078C,COMPL PROY FINL DISEÑO ING CIV,[ICYA 3078]
MBIO 2303,BIOLOGIA DE HONGOS-LAB,[MBIO 2302]
FISI 3708,MAGNETISMO Y MATERIALES MAG.,[FISI 3020]
MADM 4206,GERENCIA FINANCIERA,[]
QUIM 6988,TESIS 8 (DOCTORADO),[]
DISE 3147,E6: MODA INDUSTRIA CREATIVA,[]
PSIC 3815,SEM.OPCIÓN GRADO PROFESIONAL,"[PSIC 3814, PSIC 3811]"
EDUC 4206,TESIS 1,[]
ANTR 3177,SEM. ELECTIVO HOMOLOGADO 1,[]
HIST 6990,SUSTENTACIÓN DE TESIS,[HIST 6985]
MUSI 2818,LITERATURA VOCAL 5,[]
ARQU 3910,PROYECTO UNIDAD AVANZADA,"[ARQU 1010, ARQU 3990, ARQU 3930, ARQU 3920]"
IQUI 2200L,TALLER DISEÑO EXPERIMENTAL,[IQUI 2200]
MBIT 4103,FORMACIÓN DIRECTIVOS TI,[]
ARQU 3859,ANALISIS UI INTERDISC COLOMBIA,"[ARQU 3858, ARQU 3860]"
IMEC 3530C,COMPL.DISEÑO SIST MECANICOS,[IMEC 3530]
EMAT 4805,ANÁLISIS DE ACTUACIÓN,[]
IELE 4020,TESIS I,[IELE 4001]
QUIM 4250,QUIMICA ORGANICA - INORGANICA,[]
IBIO 4401,BIOLOGIA AVANZADA,[]
ADMI 2107,GERENCIA DE RECURSOS HUMANOS,[]
MEDI 1208,EMBRIOLOGIA,"[MEDI 1999, MEDI 1209, MEDI 1219, MEDI 1200]"
MATE 3121,LOGICA 2,[]
ICYA 4217,TESIS 1 MIAMB,[]
ANTR 3179,SEM. ELECTIVO HOMOLOGADO 3,[]
DDER 6403,TUTORIA 3,[]
FISI 3010,MECANICA CUANTICA I,[MATE 1107]
MEDI 1212,INMUNOLOGIA,"[MEDI 1216, MBIO 3503, MEDI 1210, MBIO 3502, MEDI 1211]"
ARTI 4103,ARQUITECTURA DE NEGOCIO Y TI,[]
EGOB 4111,ANALISIS DE PROBLEMAS COLOMBIA,[EGOB 4105]
MUSI 3503,COMPOSICION 4,[]
MEDI 3417,MEDICINA LEGAL Y CIENCIA FORE.,"[MEDI 3418, MEDI 3416, MEDI 3419, MEDI 3420, MEDI 3113, MEDI 3422, MEDI 3434, MEDI 3500]"
ANTR 2101,ETNOLOGIA DE COLOMBIA,[]
MIAD 4970,EXAMENES COMPREHENSIVOS,[]
IMEC 2520,MECÁNICA SÓLIDOS DEFORMABLES,"[IMEC 2520L, IMEC 2797]"
IMEC 3530,DISEÑO DE SISTEMAS MECANICOS,[IMEC 3530C]
HIST 3600,OPCION GRADO MATERIAS MAESTRIA,[]
MATE 4157,INT. REPRESENT. GRUPOS FINITOS,[]
MEDI 3416,GINECOLOGIA Y OBSTETRICIA,"[MEDI 3417, MEDI 3418, MEDI 3419, MEDI 3420, MEDI 3113, MEDI 3422, MEDI 3434, MEDI 3500]"
ICYA 3601,EVALUACION Y AUDITOR.AMBIENTAL,[]
IIND 4337,SIMUL.BASADA AGENTES (SIMBA),[]
MEDI 3532,INTERNADO SELECTIVO HOS. CL. 1,"[MEDI 3432, MEDI 3540, MEDI 3535]"
MUSI 2505,COMPOSICION 2,[]
GEOC 2018,GEOQUÍMICA,[FISI 1028]
IELE 3000,SEMINARIO PROYECTO DE GRADO,"[IELE 2009, IELE 3108, IELE 2206, IELE 2402, IELE 2300]"
QUIM 4350,ESTEREOQUÍMICA Y SELECTIVIDAD,[]
ICYA 3306,SISTEMAS DE TRANSPORTE,[]
ANTR 3193,DISEÑO DE MONOGRAFIA,[]
CPOL 2244,ENFOQUES CONCEPTUALES RRII,[]
ARQU 3862,ANALISIS UI ARQU DEL PAISAJE,"[ARQU 3861, ARQU 3863]"
QUIM 1212,QUIMICA INORGANICA II,[]
MEDI 3539,INTERNADO SELECT. SALUD PÚB. 2,"[MEDI 3530, MEDI 3432, MEDI 3540]"
CPOL 6976,EX AREA MENOR-RELACIONES INTER,[]
MEDI 3536,INTERN. SELECT. ATENC. PRIMAR2,"[MEDI 3530, MEDI 3432, MEDI 3540]"
DDER 6404,TUTORIA 4,[]
MISO 4205,MEJORAMIENTO EXPERIENCIA USUAR,[]
LENG 2117,ADVANCED EFFECTIVE SPEAKING,[LENG 2115]
PSIC 3832,TOPICOS EN LA HIST. DE LA PSIC,[]
PSCL 4106,PRÁCTICA CLÍNICA SUPERV. II,[PSCL 4110]
MUSI 1205,ENTREN AUDITIVO 1,[]
CBIO 6980,TESIS DOCTORADO 1,[]
GEOC 3102,YACIMIENTOS MINERALES (L),[GEOC 3101]
ICYA 6962,PROYECTO DIRIGIDO 2,[]
ICYA 4306,ASPECTOS LEGALES CONSTRUC.,[]
MATE 4904,TRABAJO DE GRADO,[]
ARQU 3823,TEORIA UI URBANO,"[ARQU 3828, ARQU 3829]"
FISI 2350,FISICA ATOMICA,[]
IIND 2103C,REFUERZO PRINCIPIOS OPTIMIZAC.,[IIND 2103]
IIND 2104C,REFUERZO MODELOS PROBABILISTIC,[IIND 2104]
ISIS 1206L,LAB. ESTRUCTURAS DATOS,[]
PSIC 1205,PRINCIPIOS DE NEUROCIENCIAS 2,[]
ICYA 2001,MODELACION Y ANALISIS NUMERICO,[]
DERE 3608,CONCURSO DERECHOS HUMANOS,[]
EDUC 6022,INVESTIGACIÓN DOCTORAL III,[]
MUSI 1401,INSTRUMENTO COMPL.2,[]
FILO 6961,TUTORIAL DE PROYECTO 2,[]
ICYA 3702,RESIDUOS SOLIDOS,[]
ADMI 2206,COMPORTAMIENTO DEL CONSUMIDOR,[]
ECON 2105,TEORIA DE JUEGOS,[]
GEOC 3118,PALAEONTOLOGY MARINE REPTILES,[]
FISI 6981,TESIS I,[]
MEDI 2309,SISTEMA NERVIOSO,"[MEDI 2109, MEDI 2307, MEDI 2308, MEDI 2310, MEDI 2110, MEDI 3403]"
BIOL 3911,PRACTICA DE GRADO,[]
ECON 4301,ECONOMETRIA AVANZADA,[]
ECON 6984,INVESTIGACION TESIS DOCTORAL 5,[]
MEDI 3537,INTERNADO SELECTIVO HOS. CL. 2,"[MEDI 3530, MEDI 3432, MEDI 3540]"
LENG 1328,PHONETIK UND MÜNDLICHER AUSDRU,[]
ANTR 3170,SEM.LA PAZ EN PLURAL,[]
MMER 4309,INVESTIGACIÓN DE MERCADOS II,[]
MFIN 4204,ECONOMETRÍA,[]
MATE 3131,TEORIA DESCRIPTIVA DE CONJUNTO,[]
QUIM 4400,BIOQUIMICA - FITOQUIMICA,[]
MEDI 3527,MODULO SELECTIVO II HOS. CL. 3,"[MEDI 3429, MEDI 3426, MEDI 3427, MEDI 3515, MEDI 3520, MEDI 3443, MEDI 3430, MEDI 3424, MEDI 3435, MEDI 3425, MEDI 3114, MEDI 3423]"
ARTI 4208,ARQUITECTURAS NUEVA GENERACIÓN,[]
MGEO 4502,TRABAJO DE GRADO,[]
MEDI 2110,SEMI.II Y AT. PRI. A LA COMU.,"[MEDI 2109, MEDI 2307, MEDI 2308, MEDI 2309, MEDI 2310, MEDI 3403]"
MATE 3415,GEOMETRIA LORENTZIANA,[]
MEDI 3518,MODULO SELECTIVO II INVESTI. 1,"[MEDI 3429, MEDI 3426, MEDI 3525, MEDI 3427, MEDI 3520, MEDI 3443, MEDI 3430, MEDI 3424, MEDI 3435, MEDI 3425, MEDI 3114, MEDI 3423]"
QUIM 6990,SUSTENTACIÓN DE TESIS,[]
ADMI 3107,CONSULTORIA,[]
LENG 6993,INGLES DOCTORADOS 3,[]
MUSI 1203,ARMONIA 2,[]
IIND 3400,FINANZAS,[]
LENG 3995,SEMINARIO DE GRADO,[]
PSIC 3811,PRÁCTICA 1 06,[]
MUSI 2406,INSTRUMENTO 6,[]
MBIO 1100,BIOLOGIA CELULAR-TEO,[MBIO 1101]
MUSI 2400,CONJUNTO 2,[]
FISI 1013,LABORATORIO DE FISICA BASICA 1,[]
MATE 3420,TOPOLOGIA 1,[]
QUIM 6984,TESIS 4 (DOCTORADO),[]
PSIC 3961,PSICOPATOLOGIA,[]
ADMI 3200,OPCION DE GRADO,[]
FISI 1003,COLOQUIO 1 DE FISICA,[]
ADMI 3405,SISTEMAS INFORMACION GERENCIAL,[]
ICYA 4126,ANÁLISIS RIESGO QUIM. MICROBIO,[]
ICYA 4803,PLANEACIÓN DE TRANSPORTE,[]
MEDI 2305,SISTEMA ENDOCRINOLOGICO,"[MEDI 2108, MEDI 2306, MEDI 2304, MEDI 2107, MEDI 2000, MEDI 2303, MEDI 2300, MEDI 3400, MEDI 2301]"
IIND 3222,PRODUCTO INDUSTRIAL,[]
MATE 6989,TESIS,[MATE 6990]
MUSI 2208,CONTRAPUNTO 1,[]
LENG 1702,PORTUGUES 2,[]
MUSI 3407,RECITAL GRADO CANTO,[]
IQUI 1002,LAB. INTRODUCCION ING. QUIMICA,[IQUI 1001]
CIDE 4133,AVANCE TRABAJO DE GRADO,[]
MEDI 3440,INTERNADO OBLIGATORIO PEDIAT.,"[MEDI 3439, MEDI 3437, MEDI 3438, MEDI 3442, MEDI 3441, MEDI 3436]"
ECON 6981,INVESTIGACION TESIS DOCTORAL 2,[]
LENG 1464,CONVERSA Y ESCRIT EN JAPONÉS 4,[]
MATE 2201,ANALISIS 1,[]
MUSI 2823,PIANO APLICADO 2 - 15,[]
CPOL 3005,INVESTIGACION PROFESORAL,[]
MEDI 2311,SISTEMA MUCOCUTANEO,"[MEDI 3406, MEDI 3407, MEDI 3408, MEDI 3409, MEDI 3111, MEDI 2313, MEDI 2312]"
MUSI 2204,ENTREN AUDITIVO 5,[]
MBIO 2401,BIOESTADISTICA-LAB,[MBIO 2400]
LITE 3903,ASISTENCIA DE INVESTIGACIÓN,[]
IQUI 2010C,COMPL. FUND PROC. INDUSTRIALES,[IQUI 2010]
MIAD 4982,SEM. INVESTIGACIÓN I PHD,[]
QUIM 4165,SEMINARIO II,[]
EGOB 4112,PROYECTO DE GRADO I,[]
MEDI 3521,MODULO SELECTIVO II AT. PRI. 2,"[MEDI 3429, MEDI 3426, MEDI 3525, MEDI 3427, MEDI 3515, MEDI 3443, MEDI 3430, MEDI 3424, MEDI 3435, MEDI 3425, MEDI 3114, MEDI 3423]"
PSIC 3863,PROBLE. INFANTILES-JUEVENILES,[]
ADMI 2557,HERRAMIENTAS TOMA DECI II,[]
FISI 4702,SEMINARIO 2 MATERIA CONDENSADA,[]
ARQU 3851,TEORIA UI TECTONICA Y ESTRUC,"[ARQU 3849, ARQU 3850]"
ANTR 3990,INSCRIPCION A GRADO,[]
ICYA 2407,MICROBIOLOGIA AMBIENTAL,[MBIO 1100]
LENG 3238,PROBLÉMATIQUE INTERCULTURELLE,[]
IELE 2300,ANALISIS DE SISTEMS DE CONTROL,[FISI 1029]
ICYA 4212,PROPUESTA TESIS MICIV,[ICYA 4209]
ICYA 4293,PROYECTO GRADO ESTRUCTURAS,[]
ADMI 2204,DECISIONES DE INVERSION,[]
CBIO 6987,TESIS DOCTORADO 8,[]
LENG 1104,INGLÉS 4,[]
ICYA 2412,MECÁNICA DE FLUIDOS AMBIENTAL,[]
MEDI 3515,MODULO SELECTIVO II ADMINIS. 1,"[MEDI 3429, MEDI 3426, MEDI 3525, MEDI 3427, MEDI 3520, MEDI 3443, MEDI 3424, MEDI 3435, MEDI 3425, MEDI 3114, MEDI 3423]"
LENG 6991,INGLES DOCTORADOS 1,[]
DECA 1103,PRACTICA SOCIAL 3,[]
PSCL 4112,REVISTA DE CASOS CLÍNICOS IV,[]
QUIM 2622,QUIMICA ANALITICA II,[]
PSIC 3708,INVES.DIRIGIDA 2.,[]
ICYA 4318,CONSTRUCCIÓN SOSTENIBLE: HERRA,[]
IIND 3006,PROYECTO INTERMEDIO,[]
EDUC 6007,COLOQUIO DE INVESTIGACION III,[]
IIND 4305,SEMINARIO DE COMPLEJIDAD,[]
ARQU 3852,PROY UI ARQU Y BELLEZA,"[ARQU 3853, ARQU 3854]"
ICYA 4812,GEOMÁTICA PLANEAC.SOSTENIBLE,[]
HART 1201,PENSAR LA HISTORIA DE ARTE,[]
IQUI 3104,CIENC. QUIM. Y BIOL. APLICADAS,[]
ARTE 1115,TALLER DE ILUMINACION,[]
MBIO 2501,INMUNOLOGIA-LAB,[MBIO 2500]
ECON 3727,SEM POL. DE DESARROLLO Y ELCA.,[]
FISI 6113,SEMINARIO AVANZADO 3,[]
IIND 4100,MODELOS ESTADIST.LINEALES,[]
ARTE 2210,INSTALACION AUDIOVISUAL,[]
ARQU 3849,PROY UI TECTONICA Y ESTRUCTURA,"[ARQU 3850, ARQU 3851]"
CBIO 4913,TESIS MAESTRIA 2,[]
ICYA 4301,ADMON PROYECTO CONSTRUC,[]
FISI 4405,MECANICA ANALITICA,[]
LITE 3905,SEM.TRABAJO-GRADO EN CREACIÓN,[]
ICYA 2304,FUNDAMENTOS DE GEOTECNIA,[]
MUSI 2809,TALLER LÍRICO 5,[]
ECON 4645,REGULACION Y COMPETENCIA,[]
ARTI 4108,POWER PEOPLE,[]
DERE 3805,PRACTICA DE GRADO,[]
MATE 3902,PROYECTO DE GRADO,[]
MBIO 2305,PARASITOLOGIA-LAB,[MBIO 2304]
EDUC 6021,EVAL.IMPACTO EDUC.Y CIENC.SOC.,[]
MATE 1212,MATEMATICAS 1 (BIO-MED),[]
MEDI 3424,NEUROLOGIA,"[MEDI 3429, MEDI 3426, MEDI 3525, MEDI 3427, MEDI 3515, MEDI 3520, MEDI 3443, MEDI 3430, MEDI 3435, MEDI 3425, MEDI 3114, MEDI 3423]"
ARTE 2112,PINTURA Y OBJETO,[]
ISIS 1104,MATEMÁTICA ESTRUCTURAL Y LÓGIC,[]
ECON 4649,SEM MINERIA DATOSYAPLICACIONES,[]
LENG 1120,EFFECTIVE SPEAKING,[]
MATE 4120,LOGICA MATEMATICA,[]
ARQU 3828,PROYECTO UI ARQU URBANA,"[ARQU 3823, ARQU 3829]"
ECON 2203C,COMPL INTRODUCCIÓN A LA MACRO,[ECON 2203]
MEDI 3531,INTERNADO SELECTIVO AT. PRI.1,"[MEDI 3432, MEDI 3540, MEDI 3535]"
ICYA 4709,ANÁLISIS DE HIDROSISTEMAS,[]
LENG 6992,INGLES DOCTORADOS 2,[]
QUIM 6983,TESIS 3 (DOCTORADO),[]
ANTR 6983,DESARROLLO TESIS DOCTORAL,[]
IQUI 2301,LAB. INGENIERIA REACCIONES,[IQUI 2300]
MUSI 3500,ORQUESTACION 1,[]
ECON 6985,INVESTIGACION TESIS DOCTORAL 6,[]
ISIS 3510L,LAB. CONSTR. APLICAC. MOVILES,[]
ADMI 3207,MERCADO DE CAPITALES,[]
ECON 3750,MACRO Y FINANZAS INTERNACIONAL,[]
MATE 4331,TEORIA ESPECTRAL DE OPERADORES,[]
ARQU 3156,LA MAGIA DE LA GEOMETRIA,[]
HIST 4707,LECTURAS DIRIGIDAS 2,[]
MEDI 3439,INTERNADO OBLIGATORIO MED-INTE,"[MEDI 3437, MEDI 3438, MEDI 3442, MEDI 3440, MEDI 3441, MEDI 3436]"
MATE 6982,PRETESIS 3,[]
MUSI 1207,ENTREN AUDITIVO 3,[]
HIST 6982,TUTORIAL DE PROY. III- DHIST,[]
DADM 6973,SEM. INVESTIGACIÓN II PHD,[]
ISIS 1106,LENGUAJES Y MÁQUINAS,[]
MEDI 3429,TURNOS CLÍNICOS IV,"[MEDI 3426, MEDI 3525, MEDI 3427, MEDI 3515, MEDI 3520, MEDI 3443, MEDI 3430, MEDI 3424, MEDI 3435, MEDI 3425, MEDI 3114, MEDI 3423]"
MPER 4301,TRABAJO DE GRADO,[]
IBIO 2251,LAB. FENÓMENOS DE TRANSP. BIOL,[IBIO 2250]
LENG 2312,ALEMAN 6,[]
MATE 3802,PRACTICA ENSENANZA 2,[]
ARQU 3911,PROYECTO UNIDAD AVANZADA GRP2,"[ARQU 1010, ARQU 3990, ARQU 3920, ARQU 3931]"
IELE 3006,OPTIMIZACION,[]
HIST 6981,TUTORIAL DE PROYECTO II- DHIST,[]
CONT 1441,FUNDAMENTOS DE ASEGURAMIENTO,[]
FISI 3902,SEM.2-ASTRONOMIA Y ASTROFISICA,[]
MEDI 1211,FISIOLOGIA,"[MEDI 1216, MBIO 3503, MEDI 1210, MBIO 3502, MEDI 1212]"
MEDI 3523,MODULO SELECTIVO II INVESTI. 2,"[MEDI 3429, MEDI 3426, MEDI 3427, MEDI 3515, MEDI 3443, MEDI 3430, MEDI 3424, MEDI 3435, MEDI 3425, MEDI 3114, MEDI 3423]"
ARQU 2310,SISTEMAS DE SOPORTE,[]
FISI 6114,SEMINARIO AVANZADO 4,[]
ICYA 3078,PROY. FINAL DISEÑO ING.CIVIL,[]
MBIO 3100,BIOL.CELU Y MOLEC.PROCARIO-TEO,[MBIO 3101]
MECA 4302,ECONOMÍA AMBIENTAL II,[]
MADM 4551,JUEGO GERENCIAL,[]
IIND 4006,TESIS DE GRADO 2,[]
IIND 3221C,REFUERZO LOGÍSTICA,[IIND 3221]
HIST 6985,TUTORIAL DE INV. VII -DHIST,[]
DISE 3199,ESTUDIO 8: PROYECTO DE GRADO,[]
ADMI 2556,HERRAMIENTAS TOMA DECI I,[]
MBIO 3993,PRACTICA DE GRADO,[]
MUSI 1601,TECLADO 2,[]
IBIO 3370,NEUROCIENCIAS,[]
MUSI 2402,CONJUNTO 4,[]
MUSI 3403,INSTRUMENTO 8,[]
MATE 1213,MATEMATICAS 3 (BIO-MED),[]
MEDI 3520,MODULO SELECTIVO II ADMINIS. 2,"[MEDI 3429, MEDI 3426, MEDI 3525, MEDI 3515, MEDI 3430, MEDI 3424, MEDI 3435, MEDI 3425, MEDI 3114, MEDI 3423]"
MEDI 3502,MODULO SELECTIVO I HOSP. CL. 1,"[MEDI 3417, MEDI 3418, MEDI 3416, MEDI 3419, MEDI 3420, MEDI 3113, MEDI 3422, MEDI 3434]"
MIAD 4990,SUSTENTACIÓN TESIS,[]
FISI 3816,BIOLOGIA SINTETICA,[]
IIND 2202,FUNDAMENTOS DE PRODUCCION,[]
IIND 2201,CONTROL DE PRODUCCION,[]
BIOL 3995,PROFUNDIZACION INVESTIGACION,[]
ISIS 2503,ARQUITECTURA Y DISEÑO DE SW,[]
IBIO 2560,PROC.SEÑALES E INST. BIOMED.,[]
ICYA 3108,PRERREQUISITO PROYECT. ICIV,[]
MUSI 1415,INSTRUMENTO 1 - 15,[]
QUIM 1000,INTRODUCCION A QUIMICA,[QUIM 1111]
IELE 3135,AUTOMAT SISTEMAS DISTRIBUCION,[]
MEDI 3406,MEDICINA INTERNA,"[MEDI 3407, MEDI 3408, MEDI 3409, MEDI 3111, MEDI 2313, MEDI 2311, MEDI 2312]"
CONT 2462,ANÁLISIS DE SISTEMAS DE INFORM,[]
DERE 3813,CJ PAIS PRIMARIA,[DERE 3801]
MUSI 1206,ENTREN AUDITIVO 2,[]
CPOL 6974,EX AREA MAYOR-POL COMPARADA,[]
IIND 4102,METOD.ESTADISTICOS MULTIVAR.,[]
ICYA 3307,DISEÑO DE VIAS,[ICYA 3306]
IMEC 1001L,LABORATORIO DE FUNDAMENTOS,[IMEC 1001]
MSIN 4101,ING CRIPTOGRAFICA Y APLIC SERV,[]
ARTI 4204,ARQUITECTURA DE SEGURIDAD,[]
IIND 4200,MODELOS CONTROL PRODUCC.,[]
